C,NEMP.WORLD,DISPATCH,AEMO,PUBLIC,2026/02/03,14:00:19,0000000501737459,,0000000501737459
I,DISPATCH,CASESOLUTION,1,SETTLEMENTDATE,RUNNO,INTERVENTION,CASESUBTYPE,SOLUTIONSTATUS,SPDVERSION,NONPHYSICALLOSSES,TOTALOBJECTIVE,TOTALAREAGENVIOLATION,TOTALINTERCONNECTORVIOLATION,TOTALGENERICVIOLATION,TOTALRAMPRATEVIOLATION,TOTALUNITMWCAPACITYVIOLATION,TOTAL5MINVIOLATION,TOTALREGVIOLATION,TOTAL6SECVIOLATION,TOTAL60SECVIOLATION,TOTALASPROFILEVIOLATION,TOTALFASTSTARTVIOLATION,TOTALENERGYOFFERVIOLATION,LASTCHANGED
D,DISPATCH,CASESOLUTION,1,"2026/02/03 14:05:00",1,0,,1,,0,136450822.4930,0,0,0,0.416,5.364,,,,,0,0,0,"2026/02/03 14:00:12"
I,DREGION,,3,SETTLEMENTDATE,RUNNO,REGIONID,INTERVENTION,RRP,EEP,ROP,APCFLAG,MARKETSUSPENDEDFLAG,TOTALDEMAND,DEMANDFORECAST,DISPATCHABLEGENERATION,DISPATCHABLELOAD,NETINTERCHANGE,EXCESSGENERATION,LOWER5MINDISPATCH,LOWER5MINIMPORT,LOWER5MINLOCALDISPATCH,LOWER5MINLOCALPRICE,LOWER5MINLOCALREQ,LOWER5MINPRICE,LOWER5MINREQ,LOWER5MINSUPPLYPRICE,LOWER60SECDISPATCH,LOWER60SECIMPORT,LOWER60SECLOCALDISPATCH,LOWER60SECLOCALPRICE,LOWER60SECLOCALREQ,LOWER60SECPRICE,LOWER60SECREQ,LOWER60SECSUPPLYPRICE,LOWER6SECDISPATCH,LOWER6SECIMPORT,LOWER6SECLOCALDISPATCH,LOWER6SECLOCALPRICE,LOWER6SECLOCALREQ,LOWER6SECPRICE,LOWER6SECREQ,LOWER6SECSUPPLYPRICE,RAISE5MINDISPATCH,RAISE5MINIMPORT,RAISE5MINLOCALDISPATCH,RAISE5MINLOCALPRICE,RAISE5MINLOCALREQ,RAISE5MINPRICE,RAISE5MINREQ,RAISE5MINSUPPLYPRICE,RAISE60SECDISPATCH,RAISE60SECIMPORT,RAISE60SECLOCALDISPATCH,RAISE60SECLOCALPRICE,RAISE60SECLOCALREQ,RAISE60SECPRICE,RAISE60SECREQ,RAISE60SECSUPPLYPRICE,RAISE6SECDISPATCH,RAISE6SECIMPORT,RAISE6SECLOCALDISPATCH,RAISE6SECLOCALPRICE,RAISE6SECLOCALREQ,RAISE6SECPRICE,RAISE6SECREQ,RAISE6SECSUPPLYPRICE,AGGREGATEDISPATCHERROR,AVAILABLEGENERATION,AVAILABLELOAD,INITIALSUPPLY,CLEAREDSUPPLY,LOWERREGIMPORT,LOWERREGLOCALDISPATCH,LOWERREGLOCALREQ,LOWERREGREQ,RAISEREGIMPORT,RAISEREGLOCALDISPATCH,RAISEREGLOCALREQ,RAISEREGREQ,RAISE5MINLOCALVIOLATION,RAISEREGLOCALVIOLATION,RAISE60SECLOCALVIOLATION,RAISE6SECLOCALVIOLATION,LOWER5MINLOCALVIOLATION,LOWERREGLOCALVIOLATION,LOWER60SECLOCALVIOLATION,LOWER6SECLOCALVIOLATION,RAISE5MINVIOLATION,RAISEREGVIOLATION,RAISE60SECVIOLATION,RAISE6SECVIOLATION,LOWER5MINVIOLATION,LOWERREGVIOLATION,LOWER60SECVIOLATION,LOWER6SECVIOLATION,RAISE6SECRRP,RAISE6SECROP,RAISE6SECAPCFLAG,RAISE60SECRRP,RAISE60SECROP,RAISE60SECAPCFLAG,RAISE5MINRRP,RAISE5MINROP,RAISE5MINAPCFLAG,RAISEREGRRP,RAISEREGROP,RAISEREGAPCFLAG,LOWER6SECRRP,LOWER6SECROP,LOWER6SECAPCFLAG,LOWER60SECRRP,LOWER60SECROP,LOWER60SECAPCFLAG,LOWER5MINRRP,LOWER5MINROP,LOWER5MINAPCFLAG,LOWERREGRRP,LOWERREGROP,LOWERREGAPCFLAG,RAISE6SECACTUALAVAILABILITY,RAISE60SECACTUALAVAILABILITY,RAISE5MINACTUALAVAILABILITY,RAISEREGACTUALAVAILABILITY,LOWER6SECACTUALAVAILABILITY,LOWER60SECACTUALAVAILABILITY,LOWER5MINACTUALAVAILABILITY,LOWERREGACTUALAVAILABILITY,LORSURPLUS,LRCSURPLUS
D,DREGION,,3,"2026/02/03 14:05:00",1,NSW1,0,-4.70826,0,-4.70826,0,0,5866.04,0,5943.93,17,60.88,0,,,32,,,,,,,,32,,,,,,,,27,,,,,,,,84,,,,,,,,74,,,,,,,,78,,,,,,31.54584,14000.22974,158,5914.23034,5951.85,,78,,,,19.01,,,,,,,,,,,,,,,,,,,0.05,0.05,0,0.03,0.03,0,0.01,0.01,0,9.24,9.24,0,0.01,0.01,0,0.1,0.1,0,0.1,0.1,0,0.1,0.1,0,351,420,741,195.436344,115,143,143,131.012207,,
D,DREGION,,3,"2026/02/03 14:05:00",1,QLD1,0,-5.26,0,-5.26,0,0,5919.56,23,6096.17,496,-319.39,0,,,0,,,,,,,,39,,,,,,,,39,,,,,,,,59,,,,,,,,89,,,,,,,,104,,,,,,0,11628.52664,560,6443.09267,6442.62,,61,,,,9,,,,,,,,,,,,,,,,,,,0.05,0.05,0,0.03,0.03,0,0.01,0.01,0,9.24,9.24,0,0.01,0.01,0,0.1,0.1,0,0.1,0.1,0,0.1,0.1,0,634,684,537,642.967940,219.006710,219.006710,219.006710,321,,
D,DREGION,,3,"2026/02/03 14:05:00",1,SA1,0,-3.76293,0,-3.76293,0,0,411.31,6,549.06,159,-21.25,0,,,104,,,,,,,,118,,,,,,,,76.77,,,,,,,,104.66,,,,,,,,120,,,,,,,,130,,,,,,0,2664.7884,670,581.70832,574.92,,31,,,,75,,,,,,,,,,,,,,,,,,,0.05,0.05,0,0.03,0.03,0,0.01,0.01,0,9.24,9.24,0,0.01,0.01,0,0.1,0.1,0,0.1,0.1,0,0.1,0.1,0,361,361,362,611,332.979592,332.979592,323.979592,401.90,,
D,DREGION,,3,"2026/02/03 14:05:00",1,TAS1,0,95.06,0,95.06,0,0,751.18,3,651.18,0,-100,0,,,0,,,,,,,,63.21,,,,,,,,63.21,,,,,,,,0,,,,,,,,35,,,,,,,,35,,,,,,-2.53816,1672.06951,0,750.71783,751.18,,50,,,,50,,,,,,,,,,,,,,,,,,,0.38,0.38,0,0.38,0.38,0,0,0,0,4.86,4.86,0,0.38,0.38,0,0.38,0.38,0,0.1,0.1,0,0.89,0.89,0,164.139876,234.768951,195.231469,201.426554,161.292308,249.735294,183.445018,76.794450,,
D,DREGION,,3,"2026/02/03 14:05:00",1,VIC1,0,-4.07845,0,-4.07845,0,0,3174.15,29,3795.22,80,541.06,0,,,98.07,,,,,,,,140.88,,,,,,,,50,,,,,,,,92,,,,,,,,145.69,,,,,,,,116.69,,,,,,27.83542,10323.23115,548,3249.90692,3314.98,,35,,,,66.99,,,,,,,,,,,,,,,,,,,0.05,0.05,0,0.03,0.03,0,0.01,0.01,0,9.24,9.24,0,0.01,0.01,0,0.1,0.1,0,0.1,0.1,0,0.1,0.1,0,910,914,913,756.311740,408,407,286,480.9335,,
I,TINT,,1,SETTLEMENTDATE,RUNNO,INTERCONNECTORID,METEREDMWFLOW,MWFLOW,MWLOSSES
D,TINT,,1,"2026/02/03 14:05:00",1,N-Q-MNSP1,-186.6,-187.12,47.88
D,TINT,,1,"2026/02/03 14:05:00",1,NSW1-QLD1,537.99,533.57,33.68
D,TINT,,1,"2026/02/03 14:05:00",1,T-V-MNSP1,-126.3,-100,1.44
D,TINT,,1,"2026/02/03 14:05:00",1,V-S-MNSP1,150,149.2,29.68
D,TINT,,1,"2026/02/03 14:05:00",1,V-SA,-132.34,-123.33,7.51
D,TINT,,1,"2026/02/03 14:05:00",1,VIC1-NSW1,251.08,354.37,42.07
I,DINT,,4,SETTLEMENTDATE,RUNNO,INTERCONNECTORID,INTERVENTION,METEREDMWFLOW,MWFLOW,MWLOSSES,MARGINALVALUE,VIOLATIONDEGREE,IMPORTLIMIT,EXPORTLIMIT,MARGINALLOSS,EXPORTGENCONID,IMPORTGENCONID,FCASEXPORTLIMIT,FCASIMPORTLIMIT
D,DINT,,4,"2026/02/03 14:05:00",1,N-Q-MNSP1,0,-186.59961,-187.12284,47.87947,0,0,-187.12284,-106.59961,0.56302,NQTE_ROC,N>NIL_MBDU,-106.59961,-187.12284
D,DINT,,4,"2026/02/03 14:05:00",1,NSW1-QLD1,0,537.99219,533.56973,33.68453,0,0,-360.95196,853.81705,1.11719,N::Q_NIL_KC,N>>NIL_964_84_S,2204,-2478
D,DINT,,4,"2026/02/03 14:05:00",1,T-V-MNSP1,0,-126.29883,-100,1.43504,0,0,-326.29883,-100.00496,0.97639,F_MAIN++NIL_MG_R5,VTBL_ROC,594,-478
D,DINT,,4,"2026/02/03 14:05:00",1,V-S-MNSP1,0,150,149.19924,29.67691,0,0,149.19921,149.19924,1.4407,S>NIL_MHNW1_MHNW2,N>>NIL_060_051,149.19924,149.19921
D,DINT,,4,"2026/02/03 14:05:00",1,V-SA,0,-132.34131,-123.33195,7.50717,0,0,-428.64961,234.57658,0.92264,V_S_HEYWOOD_UFLS,S_V_HEYWOOD_OFGS,1050,-1050
D,DINT,,4,"2026/02/03 14:05:00",1,VIC1-NSW1,0,251.08272,354.37195,42.06732,0,0,-665.13042,368.76691,1.15442,N^^N_NIL_WGLT,N^^V_BADP_1,2399,-2299
I,DCONS,,1,SETTLEMENTDATE,RUNNO,CONSTRAINTID,INTERVENTION,RHS,MARGINALVALUE,VIOLATIONDEGREE
D,DCONS,,1,"2026/02/03 14:05:00",1,DATASNAP_DFS_LS,0,10039.61157,0,0
D,DCONS,,1,"2026/02/03 14:05:00",1,DATASNAP_DFS_NCAN,0,10128.0101,0,0
D,DCONS,,1,"2026/02/03 14:05:00",1,DATASNAP_DFS_NCWEST,0,10364.70581,0,0
D,DCONS,,1,"2026/02/03 14:05:00",1,DATASNAP_DFS_NNTH,0,10228.48386,0,0
D,DCONS,,1,"2026/02/03 14:05:00",1,DATASNAP_DFS_NSYD,0,13680.45947,0,0
D,DCONS,,1,"2026/02/03 14:05:00",1,DATASNAP_DFS_QCEN,0,10835.55298,0,0
D,DCONS,,1,"2026/02/03 14:05:00",1,DATASNAP_DFS_QCIND,0,10868.30554,0,0
D,DCONS,,1,"2026/02/03 14:05:00",1,DATASNAP_DFS_QFNQ,0,10165.87244,0,0
D,DCONS,,1,"2026/02/03 14:05:00",1,DATASNAP_DFS_QNTH,0,10651.05359,0,0
D,DCONS,,1,"2026/02/03 14:05:00",1,DATASNAP_DFS_QROSS,0,10333.88907,0,0
D,DCONS,,1,"2026/02/03 14:05:00",1,DATASNAP_DFS_QSTHE,0,11632.87634,0,0
D,DCONS,,1,"2026/02/03 14:05:00",1,DATASNAP_DFS_QSTHW,0,11781.32434,0,0
D,DCONS,,1,"2026/02/03 14:05:00",1,DATASNAP_DFS_Q_BCCP,0,10705.40625,0,0
D,DCONS,,1,"2026/02/03 14:05:00",1,DATASNAP_DFS_Q_BCRG,0,10772.64063,0,0
D,DCONS,,1,"2026/02/03 14:05:00",1,DATASNAP_DFS_Q_CLST,0,10838.48438,0,0
D,DCONS,,1,"2026/02/03 14:05:00",1,DATASNAP_DFS_Q_CLWU,0,10770.65625,0,0
D,DCONS,,1,"2026/02/03 14:05:00",1,DATASNAP_DFS_Q_LCCP,0,10768.6875,0,0
D,DCONS,,1,"2026/02/03 14:05:00",1,DATASNAP_DFS_Q_RGLC,0,10718.73438,0,0
D,DCONS,,1,"2026/02/03 14:05:00",1,DATASNAP_DFS_Q_TAMR,0,10310.3125,0,0
D,DCONS,,1,"2026/02/03 14:05:00",1,DATASNAP_DFS_Q_TAMR2,0,10310.3125,0,0
D,DCONS,,1,"2026/02/03 14:05:00",1,DATASNAP_DFS_SADL,0,10067.08965,0,0
D,DCONS,,1,"2026/02/03 14:05:00",1,DATASNAP_DFS_SNTH,0,10034.44077,0,0
D,DCONS,,1,"2026/02/03 14:05:00",1,DATASNAP_DFS_SRIV,0,10039.11742,0,0
D,DCONS,,1,"2026/02/03 14:05:00",1,DATASNAP_DFS_SSE,0,10028.52594,0,0
D,DCONS,,1,"2026/02/03 14:05:00",1,DATASNAP_DFS_SWNSW,0,10226.46085,0,0
D,DCONS,,1,"2026/02/03 14:05:00",1,DATASNAP_DFS_TNTH,0,10062.33202,0,0
D,DCONS,,1,"2026/02/03 14:05:00",1,DATASNAP_DFS_TNWEST,0,10109.00649,0,0
D,DCONS,,1,"2026/02/03 14:05:00",1,DATASNAP_DFS_TWCST,0,10057.94509,0,0
D,DCONS,,1,"2026/02/03 14:05:00",1,DATASNAP_DFS_T_FASH1,0,10524.04688,0,0
D,DCONS,,1,"2026/02/03 14:05:00",1,DATASNAP_DFS_T_GOCS1,0,10441.33594,0,0
D,DCONS,,1,"2026/02/03 14:05:00",1,DATASNAP_DFS_T_HAGT1,0,10459.49219,0,0
D,DCONS,,1,"2026/02/03 14:05:00",1,DATASNAP_DFS_T_PMHA1,0,10411.14063,0,0
D,DCONS,,1,"2026/02/03 14:05:00",1,DATASNAP_DFS_T_PMHA3,0,10115.64648,0,0
D,DCONS,,1,"2026/02/03 14:05:00",1,DATASNAP_DFS_T_SHGT,0,10525.9375,0,0
D,DCONS,,1,"2026/02/03 14:05:00",1,DATASNAP_DFS_T_SHPM,0,10369.60156,0,0
D,DCONS,,1,"2026/02/03 14:05:00",1,DATASNAP_DFS_T_TATU,0,10106.72656,0,0
D,DCONS,,1,"2026/02/03 14:05:00",1,DATASNAP_DFS_T_WALE,0,10098.48047,0,0
D,DCONS,,1,"2026/02/03 14:05:00",1,DATASNAP_DFS_VIC_SG,0,10261.67407,0,0
D,DCONS,,1,"2026/02/03 14:05:00",1,DATASNAP_DFS_VMEL,0,12090.56592,0,0
D,DCONS,,1,"2026/02/03 14:05:00",1,DATASNAP_DFS_V_BABE,0,10433.40625,0,0
D,DCONS,,1,"2026/02/03 14:05:00",1,DATASNAP_N_AR_LS_TE,0,10108.84145,0,0
D,DCONS,,1,"2026/02/03 14:05:00",1,DATASNAP_N_MUSW,0,10153.81094,0,0
D,DCONS,,1,"2026/02/03 14:05:00",1,DATASNAP_N_TAM,0,10026.636,0,0
D,DCONS,,1,"2026/02/03 14:05:00",1,DATASNAP_PDID_1,0,10001,0,0
D,DCONS,,1,"2026/02/03 14:05:00",1,DATASNAP_PDID_2,0,10001,0,0
D,DCONS,,1,"2026/02/03 14:05:00",1,DATASNAP_PV_NSW,0,13139,0,0
D,DCONS,,1,"2026/02/03 14:05:00",1,DATASNAP_PV_QLDCEN,0,10238.33333,0,0
D,DCONS,,1,"2026/02/03 14:05:00",1,DATASNAP_PV_QLDNORTH,0,10622.66667,0,0
D,DCONS,,1,"2026/02/03 14:05:00",1,DATASNAP_PV_QLDSOUTH,0,12016.66667,0,0
D,DCONS,,1,"2026/02/03 14:05:00",1,DATASNAP_PV_SA,0,11880.33333,0,0
D,DCONS,,1,"2026/02/03 14:05:00",1,DATASNAP_PV_TASNORTH,0,10128,0,0
D,DCONS,,1,"2026/02/03 14:05:00",1,DATASNAP_PV_TASSOUTH,0,10125.33333,0,0
D,DCONS,,1,"2026/02/03 14:05:00",1,DATASNAP_PV_VIC,0,13670.66667,0,0
D,DCONS,,1,"2026/02/03 14:05:00",1,DATASNAP_TE_967_1,0,10018.7,0,0
D,DCONS,,1,"2026/02/03 14:05:00",1,DATA_MMS_ALERT1,0,10274,0,0
D,DCONS,,1,"2026/02/03 14:05:00",1,DSNAP_DFS_N_ARTW,0,11057.84375,0,0
D,DCONS,,1,"2026/02/03 14:05:00",1,DSNAP_DFS_N_AVMN,0,10996.65625,0,0
D,DCONS,,1,"2026/02/03 14:05:00",1,DSNAP_DFS_N_BYCR,0,11213.96875,0,0
D,DCONS,,1,"2026/02/03 14:05:00",1,DSNAP_DFS_N_BYSW,0,11231.4375,0,0
D,DCONS,,1,"2026/02/03 14:05:00",1,DSNAP_DFS_N_CNYS,0,11023.89063,0,0
D,DCONS,,1,"2026/02/03 14:05:00",1,DSNAP_DFS_N_DTMN,0,10995,0,0
D,DCONS,,1,"2026/02/03 14:05:00",1,DSNAP_DFS_N_LDTW,0,11345.625,0,0
D,DCONS,,1,"2026/02/03 14:05:00",1,DSNAP_DFS_N_LTMS,0,10860.82813,0,0
D,DCONS,,1,"2026/02/03 14:05:00",1,DSNAP_DFS_N_MNYS,0,11011,0,0
D,DCONS,,1,"2026/02/03 14:05:00",1,DSNAP_DFS_N_MSUT,0,10860.82813,0,0
D,DCONS,,1,"2026/02/03 14:05:00",1,DSNAP_DFS_N_TWUL,0,11002.84375,0,0
D,DCONS,,1,"2026/02/03 14:05:00",1,DSNAP_DFS_V_BABE_5M,0,10432.3537,0,0
D,DCONS,,1,"2026/02/03 14:05:00",1,DSNAP_DFS_V_BAML,0,10496.94531,0,0
D,DCONS,,1,"2026/02/03 14:05:00",1,DSNAP_DFS_V_BAML_5M,0,10521.05072,0,0
D,DCONS,,1,"2026/02/03 14:05:00",1,DSNAP_DFS_V_DDMB,0,10420.36719,0,0
D,DCONS,,1,"2026/02/03 14:05:00",1,DSNAP_DFS_V_DDMS,0,11391.59375,0,0
D,DCONS,,1,"2026/02/03 14:05:00",1,DSNAP_DFS_V_DDSM,0,11231.15625,0,0
D,DCONS,,1,"2026/02/03 14:05:00",1,DSNAP_DFS_V_EPTT,0,10732.09375,0,0
D,DCONS,,1,"2026/02/03 14:05:00",1,DSNAP_DFS_V_MLGT1,0,10837.09375,0,0
D,DCONS,,1,"2026/02/03 14:05:00",1,DSNAP_DFS_V_MLGT2,0,10863.73438,0,0
D,DCONS,,1,"2026/02/03 14:05:00",1,DSNAP_DFS_V_ROYP,0,10424.45313,0,0
D,DCONS,,1,"2026/02/03 14:05:00",1,DSNAP_INFO_NSW_INER,0,34123.71826,0,0
D,DCONS,,1,"2026/02/03 14:05:00",1,DSNAP_INFO_QLD_INER,0,37991.35132,0,0
D,DCONS,,1,"2026/02/03 14:05:00",1,DSNAP_INFO_SA_INER,0,18420.19959,0,0
D,DCONS,,1,"2026/02/03 14:05:00",1,DSNAP_INFO_SA_SYNCON,0,10004,0,0
D,DCONS,,1,"2026/02/03 14:05:00",1,DSNAP_INFO_TAS_INER,0,14272.90001,0,0
D,DCONS,,1,"2026/02/03 14:05:00",1,DSNAP_INFO_TNTH_INER,0,12662.98008,0,0
D,DCONS,,1,"2026/02/03 14:05:00",1,DSNAP_INFO_VIC_INER,0,23734.39941,0,0
D,DCONS,,1,"2026/02/03 14:05:00",1,DSNAP_MLNK_RAT_LIM,0,10264,0,0
D,DCONS,,1,"2026/02/03 14:05:00",1,DSNAP_N::N_NIL_LTWG,0,11200.15729,0,0
D,DCONS,,1,"2026/02/03 14:05:00",1,DSNAP_N>>NIL_85_86_S,0,11050.41663,0,0
D,DCONS,,1,"2026/02/03 14:05:00",1,DSNAP_N>>NIL_86_85_S,0,11128.76309,0,0
D,DCONS,,1,"2026/02/03 14:05:00",1,DSNAP_Q>>MITUM,0,12422.41238,0,0
D,DCONS,,1,"2026/02/03 14:05:00",1,DSNAP_Q>WOCY_1,0,11745.79234,0,0
D,DCONS,,1,"2026/02/03 14:05:00",1,DSNAP_Q>WOGP,0,11981.42302,0,0
D,DCONS,,1,"2026/02/03 14:05:00",1,DSNAP_Q^^NIL_TR_CLHA,0,14173.31769,0,0
D,DCONS,,1,"2026/02/03 14:05:00",1,DSNAP_Q^^NIL_TR_TRBK,0,15249.50186,0,0
D,DCONS,,1,"2026/02/03 14:05:00",1,DSNAP_Q_BKSP838,0,10690,0,0
D,DCONS,,1,"2026/02/03 14:05:00",1,DSNAP_Q_TR_1500,0,13942.39698,0,0
D,DCONS,,1,"2026/02/03 14:05:00",1,DSNAP_RACOMIL_GEN,0,10000,0,0
D,DCONS,,1,"2026/02/03 14:05:00",1,DSNAP_SVML,0,10227,0,0
D,DCONS,,1,"2026/02/03 14:05:00",1,DSNAP_TABMILL2_GEN,0,9999.7,0,0
D,DCONS,,1,"2026/02/03 14:05:00",1,DSNAP_T_TV_BL_DYN,0,10499.89999,0,0
D,DCONS,,1,"2026/02/03 14:05:00",1,DSNAP_T_VT_BL_DYN,0,10474.3981,0,0
D,DCONS,,1,"2026/02/03 14:05:00",1,DSNAP_V^^_NIL_SWVIC1,0,11991.05217,0,0
D,DCONS,,1,"2026/02/03 14:05:00",1,DSNAP_V^^_NIL_SWVIC2,0,12015.89037,0,0
D,DCONS,,1,"2026/02/03 14:05:00",1,DSNAP_V^^_NIL_SWVIC3,0,12092.84767,0,0
D,DCONS,,1,"2026/02/03 14:05:00",1,DSNAP_V^^_NIL_SWVIC4,0,12100.14531,0,0
D,DCONS,,1,"2026/02/03 14:05:00",1,D_I+BIP_ML2_L1,0,-10000,0,0
D,DCONS,,1,"2026/02/03 14:05:00",1,D_I+NIL_MG2_R1,0,-9806.62933,0,0
D,DCONS,,1,"2026/02/03 14:05:00",1,D_NIL_SNOW_N+S_100,0,20000,0,0
D,DCONS,,1,"2026/02/03 14:05:00",1,D_Q+BIP_ML_L1,0,-9898.20312,0,0
D,DCONS,,1,"2026/02/03 14:05:00",1,D_Q+BIP_ML_L6,0,-9710.61178,0,0
D,DCONS,,1,"2026/02/03 14:05:00",1,D_T+NIL_BB_TG_R1,0,-9980.92599,0,0
D,DCONS,,1,"2026/02/03 14:05:00",1,D_T+NIL_MG_R1,0,-9942.68136,0,0
D,DCONS,,1,"2026/02/03 14:05:00",1,D_T+NIL_MG_RECL_R1,0,-9931.12598,0,0
D,DCONS,,1,"2026/02/03 14:05:00",1,D_T+NIL_ML_L1,0,-9968.45854,0,0
D,DCONS,,1,"2026/02/03 14:05:00",1,D_T+NIL_ML_RECL_L1,0,-10000,0,0
D,DCONS,,1,"2026/02/03 14:05:00",1,D_T+NIL_TL_L1_DS,0,-19904.66225,0,0
D,DCONS,,1,"2026/02/03 14:05:00",1,D_T+NIL_WF_TG_R1,0,-9961.05928,0,0
D,DCONS,,1,"2026/02/03 14:05:00",1,D_V_HEYWOOD_OFGS_1,0,10636.11516,0,0
D,DCONS,,1,"2026/02/03 14:05:00",1,D_V_HEYWOOD_OFGS_2,0,10418.76847,0,0
D,DCONS,,1,"2026/02/03 14:05:00",1,D_V_HEYWOOD_OFGS_3,0,10428.64961,0,0
D,DCONS,,1,"2026/02/03 14:05:00",1,F_I+BIP_ML_L1,0,33.51252,0,0
D,DCONS,,1,"2026/02/03 14:05:00",1,F_I+BIP_ML_L5,0,341.06148,0,0
D,DCONS,,1,"2026/02/03 14:05:00",1,F_I+BIP_ML_L6,0,245.08093,0,0
D,DCONS,,1,"2026/02/03 14:05:00",1,F_I+BIP_ML_L60,0,245.08093,0,0
D,DCONS,,1,"2026/02/03 14:05:00",1,F_I+GFT_TG_R1,0,0,0,0
D,DCONS,,1,"2026/02/03 14:05:00",1,F_I+GFT_TG_R5,0,21.3662,0,0
D,DCONS,,1,"2026/02/03 14:05:00",1,F_I+GFT_TG_R6,0,-211.72523,0,0
D,DCONS,,1,"2026/02/03 14:05:00",1,F_I+GFT_TG_R60,0,-74.61435,0,0
D,DCONS,,1,"2026/02/03 14:05:00",1,F_I+LREG_0210,0,210,0,0
D,DCONS,,1,"2026/02/03 14:05:00",1,F_I+MREH_TG_R1,0,0,0,0
D,DCONS,,1,"2026/02/03 14:05:00",1,F_I+MREH_TG_R5,0,-41.1335,0,0
D,DCONS,,1,"2026/02/03 14:05:00",1,F_I+MREH_TG_R6,0,-274.22493,0,0
D,DCONS,,1,"2026/02/03 14:05:00",1,F_I+MREH_TG_R60,0,-137.11405,0,0
D,DCONS,,1,"2026/02/03 14:05:00",1,F_I+NIL_APD_TL_L1,0,0,0,0
D,DCONS,,1,"2026/02/03 14:05:00",1,F_I+NIL_APD_TL_L5,0,489.0665,0.1,0
D,DCONS,,1,"2026/02/03 14:05:00",1,F_I+NIL_APD_TL_L6,0,255.97507,0.01,0
D,DCONS,,1,"2026/02/03 14:05:00",1,F_I+NIL_APD_TL_L60,0,393.08595,0.1,0
D,DCONS,,1,"2026/02/03 14:05:00",1,F_I+NIL_ERB_TL_L1,0,0,0,0
D,DCONS,,1,"2026/02/03 14:05:00",1,F_I+NIL_ERB_TL_L5,0,-41.1335,0,0
D,DCONS,,1,"2026/02/03 14:05:00",1,F_I+NIL_ERB_TL_L6,0,-274.22493,0,0
D,DCONS,,1,"2026/02/03 14:05:00",1,F_I+NIL_ERB_TL_L60,0,-137.11405,0,0
D,DCONS,,1,"2026/02/03 14:05:00",1,F_I+NIL_MG_R1,0,250.83415,0.01,0
D,DCONS,,1,"2026/02/03 14:05:00",1,F_I+NIL_MG_R5,0,559.66472,0,0
D,DCONS,,1,"2026/02/03 14:05:00",1,F_I+NIL_MG_R6,0,463.68417,0.05,0
D,DCONS,,1,"2026/02/03 14:05:00",1,F_I+NIL_MG_R60,0,463.68417,0.03,0
D,DCONS,,1,"2026/02/03 14:05:00",1,F_I+NIL_MREH_TL_L1,0,0,0,0
D,DCONS,,1,"2026/02/03 14:05:00",1,F_I+NIL_MREH_TL_L5,0,-41.1335,0,0
D,DCONS,,1,"2026/02/03 14:05:00",1,F_I+NIL_MREH_TL_L6,0,-274.22493,0,0
D,DCONS,,1,"2026/02/03 14:05:00",1,F_I+NIL_MREH_TL_L60,0,-137.11405,0,0
D,DCONS,,1,"2026/02/03 14:05:00",1,F_I+RREG_0220,0,220,4.86,0
D,DCONS,,1,"2026/02/03 14:05:00",1,F_I+TTS_TG_R1,0,0,0,0
D,DCONS,,1,"2026/02/03 14:05:00",1,F_I+TTS_TG_R5,0,-41.1335,0,0
D,DCONS,,1,"2026/02/03 14:05:00",1,F_I+TTS_TG_R6,0,-274.22493,0,0
D,DCONS,,1,"2026/02/03 14:05:00",1,F_I+TTS_TG_R60,0,-137.11405,0,0
D,DCONS,,1,"2026/02/03 14:05:00",1,F_MAIN++APD_TL_L1,0,-482.78,0,0
D,DCONS,,1,"2026/02/03 14:05:00",1,F_MAIN++APD_TL_L5,0,6.28674,0,0
D,DCONS,,1,"2026/02/03 14:05:00",1,F_MAIN++APD_TL_L6,0,-226.80176,0,0
D,DCONS,,1,"2026/02/03 14:05:00",1,F_MAIN++APD_TL_L60,0,-89.69088,0,0
D,DCONS,,1,"2026/02/03 14:05:00",1,F_MAIN++BIP_ML_L1,0,-436.51704,0,0
D,DCONS,,1,"2026/02/03 14:05:00",1,F_MAIN++BIP_ML_L5,0,-141.71829,0,0
D,DCONS,,1,"2026/02/03 14:05:00",1,F_MAIN++BIP_ML_L6,0,-237.69591,0,0
D,DCONS,,1,"2026/02/03 14:05:00",1,F_MAIN++BIP_ML_L60,0,-237.69591,0,0
D,DCONS,,1,"2026/02/03 14:05:00",1,F_MAIN++ERB_TL_L1,0,-482.78,0,0
D,DCONS,,1,"2026/02/03 14:05:00",1,F_MAIN++ERB_TL_L5,0,-523.91326,0,0
D,DCONS,,1,"2026/02/03 14:05:00",1,F_MAIN++ERB_TL_L6,0,-757.00176,0,0
D,DCONS,,1,"2026/02/03 14:05:00",1,F_MAIN++ERB_TL_L60,0,-619.89088,0,0
D,DCONS,,1,"2026/02/03 14:05:00",1,F_MAIN++GFT_TG_R1,0,50,0,0
D,DCONS,,1,"2026/02/03 14:05:00",1,F_MAIN++GFT_TG_R5,0,71.36644,0,0
D,DCONS,,1,"2026/02/03 14:05:00",1,F_MAIN++GFT_TG_R6,0,-161.72206,0,0
D,DCONS,,1,"2026/02/03 14:05:00",1,F_MAIN++GFT_TG_R60,0,-24.61118,0,0
D,DCONS,,1,"2026/02/03 14:05:00",1,F_MAIN++LREG_0210,0,-272.78,0,0
D,DCONS,,1,"2026/02/03 14:05:00",1,F_MAIN++MREH_TG_R1,0,50,0,0
D,DCONS,,1,"2026/02/03 14:05:00",1,F_MAIN++MREH_TG_R5,0,8.86674,0,0
D,DCONS,,1,"2026/02/03 14:05:00",1,F_MAIN++MREH_TG_R6,0,-224.22176,0,0
D,DCONS,,1,"2026/02/03 14:05:00",1,F_MAIN++MREH_TG_R60,0,-87.11088,0,0
D,DCONS,,1,"2026/02/03 14:05:00",1,F_MAIN++MREH_TL_L1,0,-482.78,0,0
D,DCONS,,1,"2026/02/03 14:05:00",1,F_MAIN++MREH_TL_L5,0,-523.91326,0,0
D,DCONS,,1,"2026/02/03 14:05:00",1,F_MAIN++MREH_TL_L6,0,-757.00176,0,0
D,DCONS,,1,"2026/02/03 14:05:00",1,F_MAIN++MREH_TL_L60,0,-619.89088,0,0
D,DCONS,,1,"2026/02/03 14:05:00",1,F_MAIN++NIL_BL_L5,0,-171.13326,0,0
D,DCONS,,1,"2026/02/03 14:05:00",1,F_MAIN++NIL_BL_L6,0,-274.22176,0,0
D,DCONS,,1,"2026/02/03 14:05:00",1,F_MAIN++NIL_BL_L60,0,-137.11088,0,0
D,DCONS,,1,"2026/02/03 14:05:00",1,F_MAIN++NIL_BL_R5,0,-10171.13326,0,0
D,DCONS,,1,"2026/02/03 14:05:00",1,F_MAIN++NIL_BL_R6,0,-10274.22176,0,0
D,DCONS,,1,"2026/02/03 14:05:00",1,F_MAIN++NIL_BL_R60,0,-10137.11088,0,0
D,DCONS,,1,"2026/02/03 14:05:00",1,F_MAIN++NIL_MG_R1,0,316.82762,0,0
D,DCONS,,1,"2026/02/03 14:05:00",1,F_MAIN++NIL_MG_R5,0,609.66496,0.01,0
D,DCONS,,1,"2026/02/03 14:05:00",1,F_MAIN++NIL_MG_R6,0,513.68734,0,0
D,DCONS,,1,"2026/02/03 14:05:00",1,F_MAIN++NIL_MG_R60,0,513.68734,0,0
D,DCONS,,1,"2026/02/03 14:05:00",1,F_MAIN++RREG_0220,0,270,0,0
D,DCONS,,1,"2026/02/03 14:05:00",1,F_MAIN++TTS_TG_R1,0,50,0,0
D,DCONS,,1,"2026/02/03 14:05:00",1,F_MAIN++TTS_TG_R5,0,8.86674,0,0
D,DCONS,,1,"2026/02/03 14:05:00",1,F_MAIN++TTS_TG_R6,0,-224.22176,0,0
D,DCONS,,1,"2026/02/03 14:05:00",1,F_MAIN++TTS_TG_R60,0,-87.11088,0,0
D,DCONS,,1,"2026/02/03 14:05:00",1,F_MAIN+APD_TL_L1,0,-10000,0,0
D,DCONS,,1,"2026/02/03 14:05:00",1,F_MAIN+APD_TL_L5,0,-9510.93326,0,0
D,DCONS,,1,"2026/02/03 14:05:00",1,F_MAIN+APD_TL_L6,0,-9744.02176,0,0
D,DCONS,,1,"2026/02/03 14:05:00",1,F_MAIN+APD_TL_L60,0,-9606.91088,0,0
D,DCONS,,1,"2026/02/03 14:05:00",1,F_MAIN+BIP_ML_L1,0,-9953.73704,0,0
D,DCONS,,1,"2026/02/03 14:05:00",1,F_MAIN+BIP_ML_L5,0,-9658.93829,0,0
D,DCONS,,1,"2026/02/03 14:05:00",1,F_MAIN+BIP_ML_L6,0,-9754.91591,0,0
D,DCONS,,1,"2026/02/03 14:05:00",1,F_MAIN+BIP_ML_L60,0,-9754.91591,0,0
D,DCONS,,1,"2026/02/03 14:05:00",1,F_MAIN+ERB_TL_L1,0,-10000,0,0
D,DCONS,,1,"2026/02/03 14:05:00",1,F_MAIN+ERB_TL_L5,0,-10041.13326,0,0
D,DCONS,,1,"2026/02/03 14:05:00",1,F_MAIN+ERB_TL_L6,0,-10274.22176,0,0
D,DCONS,,1,"2026/02/03 14:05:00",1,F_MAIN+ERB_TL_L60,0,-10137.11088,0,0
D,DCONS,,1,"2026/02/03 14:05:00",1,F_MAIN+GFT_TG_R1,0,-10000,0,0
D,DCONS,,1,"2026/02/03 14:05:00",1,F_MAIN+GFT_TG_R5,0,-9978.63356,0,0
D,DCONS,,1,"2026/02/03 14:05:00",1,F_MAIN+GFT_TG_R6,0,-10211.72206,0,0
D,DCONS,,1,"2026/02/03 14:05:00",1,F_MAIN+GFT_TG_R60,0,-10074.61118,0,0
D,DCONS,,1,"2026/02/03 14:05:00",1,F_MAIN+LREG_0210,0,-9790,0,0
D,DCONS,,1,"2026/02/03 14:05:00",1,F_MAIN+MREH_TG_R1,0,-10000,0,0
D,DCONS,,1,"2026/02/03 14:05:00",1,F_MAIN+MREH_TG_R5,0,-10041.13326,0,0
D,DCONS,,1,"2026/02/03 14:05:00",1,F_MAIN+MREH_TG_R6,0,-10274.22176,0,0
D,DCONS,,1,"2026/02/03 14:05:00",1,F_MAIN+MREH_TG_R60,0,-10137.11088,0,0
D,DCONS,,1,"2026/02/03 14:05:00",1,F_MAIN+MREH_TL_L1,0,-10000,0,0
D,DCONS,,1,"2026/02/03 14:05:00",1,F_MAIN+MREH_TL_L5,0,-10041.13326,0,0
D,DCONS,,1,"2026/02/03 14:05:00",1,F_MAIN+MREH_TL_L6,0,-10274.22176,0,0
D,DCONS,,1,"2026/02/03 14:05:00",1,F_MAIN+MREH_TL_L60,0,-10137.11088,0,0
D,DCONS,,1,"2026/02/03 14:05:00",1,F_MAIN+NIL_BL_L1,0,0,0,0
D,DCONS,,1,"2026/02/03 14:05:00",1,F_MAIN+NIL_BL_R1,0,-10000,0,0
D,DCONS,,1,"2026/02/03 14:05:00",1,F_MAIN+NIL_MG_R1,0,-9733.17238,0,0
D,DCONS,,1,"2026/02/03 14:05:00",1,F_MAIN+NIL_MG_R5,0,-9440.33504,0,0
D,DCONS,,1,"2026/02/03 14:05:00",1,F_MAIN+NIL_MG_R6,0,-9536.31266,0,0
D,DCONS,,1,"2026/02/03 14:05:00",1,F_MAIN+NIL_MG_R60,0,-9536.31266,0,0
D,DCONS,,1,"2026/02/03 14:05:00",1,F_MAIN+RREG_0220,0,-9780,0,0
D,DCONS,,1,"2026/02/03 14:05:00",1,F_MAIN+TTS_TG_R1,0,-10000,0,0
D,DCONS,,1,"2026/02/03 14:05:00",1,F_MAIN+TTS_TG_R5,0,-10041.13326,0,0
D,DCONS,,1,"2026/02/03 14:05:00",1,F_MAIN+TTS_TG_R6,0,-10274.22176,0,0
D,DCONS,,1,"2026/02/03 14:05:00",1,F_MAIN+TTS_TG_R60,0,-10137.11088,0,0
D,DCONS,,1,"2026/02/03 14:05:00",1,F_Q++NIL_R1,0,1390,0,0
D,DCONS,,1,"2026/02/03 14:05:00",1,F_Q++NIL_R5,0,1369,0,0
D,DCONS,,1,"2026/02/03 14:05:00",1,F_Q++NIL_R6,0,1390,0,0
D,DCONS,,1,"2026/02/03 14:05:00",1,F_Q++NIL_R60,0,1390,0,0
D,DCONS,,1,"2026/02/03 14:05:00",1,F_T++GTTE_TL_L5,0,-5.1561,0,0
D,DCONS,,1,"2026/02/03 14:05:00",1,F_T++GTTE_TL_L6,0,44.84097,0,0
D,DCONS,,1,"2026/02/03 14:05:00",1,F_T++GTTE_TL_L60,0,44.84097,0,0
D,DCONS,,1,"2026/02/03 14:05:00",1,F_T++NIL_BB_TG_R5,0,-532.78024,0,0
D,DCONS,,1,"2026/02/03 14:05:00",1,F_T++NIL_BB_TG_R6,0,-482.78317,0,0
D,DCONS,,1,"2026/02/03 14:05:00",1,F_T++NIL_BB_TG_R60,0,-482.78317,0,0
D,DCONS,,1,"2026/02/03 14:05:00",1,F_T++NIL_BLSPS_L5,0,-20050.00034,0,0
D,DCONS,,1,"2026/02/03 14:05:00",1,F_T++NIL_BLSPS_L6,0,-20000.00327,0,0
D,DCONS,,1,"2026/02/03 14:05:00",1,F_T++NIL_BLSPS_L60,0,-20000.00327,0,0
D,DCONS,,1,"2026/02/03 14:05:00",1,F_T++NIL_BLSPS_R5,0,-10050.00034,0,0
D,DCONS,,1,"2026/02/03 14:05:00",1,F_T++NIL_BLSPS_R6,0,-10000.00327,0,0
D,DCONS,,1,"2026/02/03 14:05:00",1,F_T++NIL_BLSPS_R60,0,-10000.00327,0,0
D,DCONS,,1,"2026/02/03 14:05:00",1,F_T++NIL_CHWF_TG_R6,0,-482.78317,0,0
D,DCONS,,1,"2026/02/03 14:05:00",1,F_T++NIL_GHWF_TG_R6,0,-482.78317,0,0
D,DCONS,,1,"2026/02/03 14:05:00",1,F_T++NIL_MG_R5,0,-422.89453,0,0
D,DCONS,,1,"2026/02/03 14:05:00",1,F_T++NIL_MG_R6,0,-372.89746,0,0
D,DCONS,,1,"2026/02/03 14:05:00",1,F_T++NIL_MG_R60,0,-372.89746,0,0
D,DCONS,,1,"2026/02/03 14:05:00",1,F_T++NIL_MG_RECL_R5,0,-413.10859,0,0
D,DCONS,,1,"2026/02/03 14:05:00",1,F_T++NIL_MG_RECL_R6,0,-363.11152,0,0
D,DCONS,,1,"2026/02/03 14:05:00",1,F_T++NIL_MG_RECL_R60,0,-363.11152,0,0
D,DCONS,,1,"2026/02/03 14:05:00",1,F_T++NIL_ML_L5,0,113.20849,0,0
D,DCONS,,1,"2026/02/03 14:05:00",1,F_T++NIL_ML_L6,0,163.20555,0.37,0
D,DCONS,,1,"2026/02/03 14:05:00",1,F_T++NIL_ML_L60,0,163.20555,0.28,0
D,DCONS,,1,"2026/02/03 14:05:00",1,F_T++NIL_ML_RECL_L5,0,31.11153,0,0
D,DCONS,,1,"2026/02/03 14:05:00",1,F_T++NIL_ML_RECL_L6,0,81.1086,0,0
D,DCONS,,1,"2026/02/03 14:05:00",1,F_T++NIL_ML_RECL_L60,0,81.1086,0,0
D,DCONS,,1,"2026/02/03 14:05:00",1,F_T++NIL_MRWF_TG_R6,0,-482.78317,0,0
D,DCONS,,1,"2026/02/03 14:05:00",1,F_T++NIL_TL_L5_DS,0,-9834.61652,0,0
D,DCONS,,1,"2026/02/03 14:05:00",1,F_T++NIL_TL_L60_DS,0,-9784.61945,0,0
D,DCONS,,1,"2026/02/03 14:05:00",1,F_T++NIL_TL_L6_DS,0,-9784.61945,0,0
D,DCONS,,1,"2026/02/03 14:05:00",1,F_T++NIL_WF_TG_R5,0,-422.26524,0,0
D,DCONS,,1,"2026/02/03 14:05:00",1,F_T++NIL_WF_TG_R60,0,-372.26817,0,0
D,DCONS,,1,"2026/02/03 14:05:00",1,F_T++NIL_WNWF_TG_R6,0,-449.97317,0,0
D,DCONS,,1,"2026/02/03 14:05:00",1,F_T+GTTE_TL_L5,0,-10055.1561,0,0
D,DCONS,,1,"2026/02/03 14:05:00",1,F_T+GTTE_TL_L6,0,-10005.15903,0,0
D,DCONS,,1,"2026/02/03 14:05:00",1,F_T+GTTE_TL_L60,0,-10005.15903,0,0
D,DCONS,,1,"2026/02/03 14:05:00",1,F_T+LREG_0050,0,50,0.79,0
D,DCONS,,1,"2026/02/03 14:05:00",1,F_T+NIL_BB_TG_R5,0,-10050.00024,0,0
D,DCONS,,1,"2026/02/03 14:05:00",1,F_T+NIL_BB_TG_R6,0,-10000.00317,0,0
D,DCONS,,1,"2026/02/03 14:05:00",1,F_T+NIL_BB_TG_R60,0,-10000.00317,0,0
D,DCONS,,1,"2026/02/03 14:05:00",1,F_T+NIL_CHWF_TG_R6,0,-10000.00317,0,0
D,DCONS,,1,"2026/02/03 14:05:00",1,F_T+NIL_FCSPS_R5,0,-15.00024,0,0
D,DCONS,,1,"2026/02/03 14:05:00",1,F_T+NIL_FCSPS_R6,0,34.99683,0.33,0
D,DCONS,,1,"2026/02/03 14:05:00",1,F_T+NIL_FCSPS_R60,0,34.99683,0.35,0
D,DCONS,,1,"2026/02/03 14:05:00",1,F_T+NIL_GHWF_TG_R6,0,-10000.00317,0,0
D,DCONS,,1,"2026/02/03 14:05:00",1,F_T+NIL_MG_R5,0,-9940.11453,0,0
D,DCONS,,1,"2026/02/03 14:05:00",1,F_T+NIL_MG_R6,0,-9890.11746,0,0
D,DCONS,,1,"2026/02/03 14:05:00",1,F_T+NIL_MG_R60,0,-9890.11746,0,0
D,DCONS,,1,"2026/02/03 14:05:00",1,F_T+NIL_MG_RECL_R5,0,-9930.32859,0,0
D,DCONS,,1,"2026/02/03 14:05:00",1,F_T+NIL_MG_RECL_R6,0,-9880.33152,0,0
D,DCONS,,1,"2026/02/03 14:05:00",1,F_T+NIL_MG_RECL_R60,0,-9880.33152,0,0
D,DCONS,,1,"2026/02/03 14:05:00",1,F_T+NIL_ML_L5,0,-9936.79152,0,0
D,DCONS,,1,"2026/02/03 14:05:00",1,F_T+NIL_ML_L6,0,-9886.79445,0,0
D,DCONS,,1,"2026/02/03 14:05:00",1,F_T+NIL_ML_L60,0,-9886.79445,0,0
D,DCONS,,1,"2026/02/03 14:05:00",1,F_T+NIL_ML_RECL_L5,0,-10018.88847,0,0
D,DCONS,,1,"2026/02/03 14:05:00",1,F_T+NIL_ML_RECL_L6,0,-9968.8914,0,0
D,DCONS,,1,"2026/02/03 14:05:00",1,F_T+NIL_ML_RECL_L60,0,-9968.8914,0,0
D,DCONS,,1,"2026/02/03 14:05:00",1,F_T+NIL_MRWF_TG_R6,0,-10000.00317,0,0
D,DCONS,,1,"2026/02/03 14:05:00",1,F_T+NIL_TL_L5_DS,0,-19884.61652,0,0
D,DCONS,,1,"2026/02/03 14:05:00",1,F_T+NIL_TL_L60_DS,0,-19834.61945,0,0
D,DCONS,,1,"2026/02/03 14:05:00",1,F_T+NIL_TL_L6_DS,0,-19834.61945,0,0
D,DCONS,,1,"2026/02/03 14:05:00",1,F_T+NIL_WF_TG_R5,0,-9939.48524,0,0
D,DCONS,,1,"2026/02/03 14:05:00",1,F_T+NIL_WF_TG_R60,0,-9889.48817,0,0
D,DCONS,,1,"2026/02/03 14:05:00",1,F_T+NIL_WNWF_TG_R6,0,-9967.19317,0,0
D,DCONS,,1,"2026/02/03 14:05:00",1,F_T+RREG_0050,0,50,0,0
D,DCONS,,1,"2026/02/03 14:05:00",1,F_TASCAP_LREG_0210,0,160,0,0
D,DCONS,,1,"2026/02/03 14:05:00",1,F_TASCAP_RREG_0220,0,170,4.37,0
D,DCONS,,1,"2026/02/03 14:05:00",1,F_T_NIL_MINP_R6,0,0,0,0
D,DCONS,,1,"2026/02/03 14:05:00",1,I_6F_NS_150,0,415.32356,0,0
D,DCONS,,1,"2026/02/03 14:05:00",1,I_6F_SN_150,0,858.38044,0,0
D,DCONS,,1,"2026/02/03 14:05:00",1,N::N_NIL_63,0,932.03742,0,0
D,DCONS,,1,"2026/02/03 14:05:00",1,N::Q_NIL_KC,0,1538.1722,0,0
D,DCONS,,1,"2026/02/03 14:05:00",1,N::Q_NIL_LDMU,0,1061.64982,0,0
D,DCONS,,1,"2026/02/03 14:05:00",1,N::Q_NIL_LDTW,0,1016.32805,0,0
D,DCONS,,1,"2026/02/03 14:05:00",1,N::Q_NIL_TNT,0,1527.87866,0,0
D,DCONS,,1,"2026/02/03 14:05:00",1,N::V_BUDP_BWSW,0,1116.02075,0,0
D,DCONS,,1,"2026/02/03 14:05:00",1,N::V_BUDP_MSDD,0,1322.56707,0,0
D,DCONS,,1,"2026/02/03 14:05:00",1,N::V_BUDP_UTMS,0,1212.21178,0,0
D,DCONS,,1,"2026/02/03 14:05:00",1,N::V_NIL_BWSW,0,1301.02075,0,0
D,DCONS,,1,"2026/02/03 14:05:00",1,N::V_NIL_MSDD,0,1507.56707,0,0
D,DCONS,,1,"2026/02/03 14:05:00",1,N::V_NIL_UTMS,0,1397.21178,0,0
D,DCONS,,1,"2026/02/03 14:05:00",1,N:V_BUDP_BWRG,0,1187.63111,0,0
D,DCONS,,1,"2026/02/03 14:05:00",1,N:V_BUDP_BYYS,0,1090.01,0,0
D,DCONS,,1,"2026/02/03 14:05:00",1,N:V_NIL_BWRG,0,1372.63111,0,0
D,DCONS,,1,"2026/02/03 14:05:00",1,N:V_NIL_BYYS,0,1275.01,0,0
D,DCONS,,1,"2026/02/03 14:05:00",1,N>999_9GL_NIL,0,158.36647,0,0
D,DCONS,,1,"2026/02/03 14:05:00",1,N>>16_70_71,0,4085.04603,0,0
D,DCONS,,1,"2026/02/03 14:05:00",1,N>>16_8_18,0,3212.94144,0,0
D,DCONS,,1,"2026/02/03 14:05:00",1,N>>16_8_39,0,2879.94702,0,0
D,DCONS,,1,"2026/02/03 14:05:00",1,N>>NIL_01_62,0,3571.26027,0,0
D,DCONS,,1,"2026/02/03 14:05:00",1,N>>NIL_060,0,1818.11808,0,0
D,DCONS,,1,"2026/02/03 14:05:00",1,N>>NIL_060_051,0,1161.40437,-12.86888,0
D,DCONS,,1,"2026/02/03 14:05:00",1,N>>NIL_07,0,3359.00817,0,0
D,DCONS,,1,"2026/02/03 14:05:00",1,N>>NIL_1,0,3249.10157,0,0
D,DCONS,,1,"2026/02/03 14:05:00",1,N>>NIL_16_18,0,6472.56571,0,0
D,DCONS,,1,"2026/02/03 14:05:00",1,N>>NIL_16_39,0,5463.82762,0,0
D,DCONS,,1,"2026/02/03 14:05:00",1,N>>NIL_16_3W,0,6467.1089,0,0
D,DCONS,,1,"2026/02/03 14:05:00",1,N>>NIL_16_76,0,6741.56824,0,0
D,DCONS,,1,"2026/02/03 14:05:00",1,N>>NIL_16_8,0,4299.53418,0,0
D,DCONS,,1,"2026/02/03 14:05:00",1,N>>NIL_18_16,0,1200.65172,0,0
D,DCONS,,1,"2026/02/03 14:05:00",1,N>>NIL_18_4_N,0,1182.45969,0,0
D,DCONS,,1,"2026/02/03 14:05:00",1,N>>NIL_18_4_S,0,1165.35284,0,0
D,DCONS,,1,"2026/02/03 14:05:00",1,N>>NIL_18_5_N,0,1184.10699,0,0
D,DCONS,,1,"2026/02/03 14:05:00",1,N>>NIL_18_5_S,0,1165.40403,0,0
D,DCONS,,1,"2026/02/03 14:05:00",1,N>>NIL_18_61,0,1150.1363,0,0
D,DCONS,,1,"2026/02/03 14:05:00",1,N>>NIL_18_8,0,1151.16829,0,0
D,DCONS,,1,"2026/02/03 14:05:00",1,N>>NIL_1_3,0,3110.73692,0,0
D,DCONS,,1,"2026/02/03 14:05:00",1,N>>NIL_1_3_LSC1_ON,0,13356.54403,0,0
D,DCONS,,1,"2026/02/03 14:05:00",1,N>>NIL_1_6X,0,2695.75237,0,0
D,DCONS,,1,"2026/02/03 14:05:00",1,N>>NIL_1_6X_LSC1_ON,0,12849.21547,0,0
D,DCONS,,1,"2026/02/03 14:05:00",1,N>>NIL_1_7,0,2856.30767,0,0
D,DCONS,,1,"2026/02/03 14:05:00",1,N>>NIL_1_7_LSC1_ON,0,13040.02057,0,0
D,DCONS,,1,"2026/02/03 14:05:00",1,N>>NIL_23_22,0,3572.61891,0,0
D,DCONS,,1,"2026/02/03 14:05:00",1,N>>NIL_23_25,0,3416.62768,0,0
D,DCONS,,1,"2026/02/03 14:05:00",1,N>>NIL_3,0,3242.21607,0,0
D,DCONS,,1,"2026/02/03 14:05:00",1,N>>NIL_33_34,0,1352.96632,0,0
D,DCONS,,1,"2026/02/03 14:05:00",1,N>>NIL_39,0,4527.14292,0,0
D,DCONS,,1,"2026/02/03 14:05:00",1,N>>NIL_39_11,0,4876.07085,0,0
D,DCONS,,1,"2026/02/03 14:05:00",1,N>>NIL_39_17,0,4769.47568,0,0
D,DCONS,,1,"2026/02/03 14:05:00",1,N>>NIL_3G,0,1671.93579,0,0
D,DCONS,,1,"2026/02/03 14:05:00",1,N>>NIL_3L,0,2181.84738,0,0
D,DCONS,,1,"2026/02/03 14:05:00",1,N>>NIL_3L_18_N,0,2593.85666,0,0
D,DCONS,,1,"2026/02/03 14:05:00",1,N>>NIL_3L_3J_N,0,2955.40949,0,0
D,DCONS,,1,"2026/02/03 14:05:00",1,N>>NIL_3L_3P_N,0,2921.62709,0,0
D,DCONS,,1,"2026/02/03 14:05:00",1,N>>NIL_3L_3W,0,2591.15091,0,0
D,DCONS,,1,"2026/02/03 14:05:00",1,N>>NIL_3L_5_N,0,2922.14742,0,0
D,DCONS,,1,"2026/02/03 14:05:00",1,N>>NIL_3_7,0,3016.23978,0,0
D,DCONS,,1,"2026/02/03 14:05:00",1,N>>NIL_3_7_LSC1_ON,0,23038.63024,0,0
D,DCONS,,1,"2026/02/03 14:05:00",1,N>>NIL_3_7_LSC2_ON,0,13087.3179,0,0
D,DCONS,,1,"2026/02/03 14:05:00",1,N>>NIL_4,0,1791.04258,0,0
D,DCONS,,1,"2026/02/03 14:05:00",1,N>>NIL_4_18_S,0,1493.97466,0,0
D,DCONS,,1,"2026/02/03 14:05:00",1,N>>NIL_4_5_N,0,1831.99807,0,0
D,DCONS,,1,"2026/02/03 14:05:00",1,N>>NIL_4_5_S,0,1344.85526,0,0
D,DCONS,,1,"2026/02/03 14:05:00",1,N>>NIL_4_61_N,0,1831.33404,0,0
D,DCONS,,1,"2026/02/03 14:05:00",1,N>>NIL_4_61_S,0,1326.91066,0,0
D,DCONS,,1,"2026/02/03 14:05:00",1,N>>NIL_4_6_S,0,1496.64552,0,0
D,DCONS,,1,"2026/02/03 14:05:00",1,N>>NIL_5_18_N,0,3359.84816,0,0
D,DCONS,,1,"2026/02/03 14:05:00",1,N>>NIL_5_18_S,0,2706.30693,0,0
D,DCONS,,1,"2026/02/03 14:05:00",1,N>>NIL_5_3J_N,0,3167.32992,0,0
D,DCONS,,1,"2026/02/03 14:05:00",1,N>>NIL_5_3L_N,0,3094.05908,0,0
D,DCONS,,1,"2026/02/03 14:05:00",1,N>>NIL_5_3P_N,0,2977.07597,0,0
D,DCONS,,1,"2026/02/03 14:05:00",1,N>>NIL_5_3W,0,3356.41434,0,0
D,DCONS,,1,"2026/02/03 14:05:00",1,N>>NIL_5_4_S,0,2119.79894,0,0
D,DCONS,,1,"2026/02/03 14:05:00",1,N>>NIL_5_61_N,0,2971.9685,0,0
D,DCONS,,1,"2026/02/03 14:05:00",1,N>>NIL_5_61_S,0,2145.00058,0,0
D,DCONS,,1,"2026/02/03 14:05:00",1,N>>NIL_5_6_S,0,2709.82194,0,0
D,DCONS,,1,"2026/02/03 14:05:00",1,N>>NIL_61_18,0,1723.37188,0,0
D,DCONS,,1,"2026/02/03 14:05:00",1,N>>NIL_61_3L,0,1756.05984,0,0
D,DCONS,,1,"2026/02/03 14:05:00",1,N>>NIL_61_3W,0,1721.86328,0,0
D,DCONS,,1,"2026/02/03 14:05:00",1,N>>NIL_61_4,0,1756.4319,0,0
D,DCONS,,1,"2026/02/03 14:05:00",1,N>>NIL_61_5,0,1760.57271,0,0
D,DCONS,,1,"2026/02/03 14:05:00",1,N>>NIL_64_65,0,2093.96342,0,0
D,DCONS,,1,"2026/02/03 14:05:00",1,N>>NIL_6M_66,0,2219.37671,0,0
D,DCONS,,1,"2026/02/03 14:05:00",1,N>>NIL_6X,0,3443.45324,0,0
D,DCONS,,1,"2026/02/03 14:05:00",1,N>>NIL_6X_1,0,2910.3711,0,0
D,DCONS,,1,"2026/02/03 14:05:00",1,N>>NIL_6X_3,0,3089.62036,0,0
D,DCONS,,1,"2026/02/03 14:05:00",1,N>>NIL_6X_9,0,3144.45434,0,0
D,DCONS,,1,"2026/02/03 14:05:00",1,N>>NIL_70_71,0,4044.04234,0,0
D,DCONS,,1,"2026/02/03 14:05:00",1,N>>NIL_76_77,0,4751.8782,0,0
D,DCONS,,1,"2026/02/03 14:05:00",1,N>>NIL_77_76,0,5270.83797,0,0
D,DCONS,,1,"2026/02/03 14:05:00",1,N>>NIL_7_1,0,3338.35794,0,0
D,DCONS,,1,"2026/02/03 14:05:00",1,N>>NIL_7_1_LSC1_ON,0,13364.00328,0,0
D,DCONS,,1,"2026/02/03 14:05:00",1,N>>NIL_7_3,0,2965.25278,0,0
D,DCONS,,1,"2026/02/03 14:05:00",1,N>>NIL_7_3_LSC1_ON,0,22989.02384,0,0
D,DCONS,,1,"2026/02/03 14:05:00",1,N>>NIL_7_3_LSC2_ON,0,13050.4959,0,0
D,DCONS,,1,"2026/02/03 14:05:00",1,N>>NIL_81,0,5910.57839,0,0
D,DCONS,,1,"2026/02/03 14:05:00",1,N>>NIL_81_31,0,6047.93617,0,0
D,DCONS,,1,"2026/02/03 14:05:00",1,N>>NIL_81_82_CLOSE,0,5215.32078,0,0
D,DCONS,,1,"2026/02/03 14:05:00",1,N>>NIL_81_82_OPEN,0,14993.94237,0,0
D,DCONS,,1,"2026/02/03 14:05:00",1,N>>NIL_82,0,6924.31635,0,0
D,DCONS,,1,"2026/02/03 14:05:00",1,N>>NIL_82_81_CLOSE,0,5802.07934,0,0
D,DCONS,,1,"2026/02/03 14:05:00",1,N>>NIL_82_81_OPEN,0,15522.65212,0,0
D,DCONS,,1,"2026/02/03 14:05:00",1,N>>NIL_83_84_CLOSE,0,1058.34109,0,0
D,DCONS,,1,"2026/02/03 14:05:00",1,N>>NIL_83_84_OPEN,0,11001.71359,0,0
D,DCONS,,1,"2026/02/03 14:05:00",1,N>>NIL_84_83_CLOSE,0,1399.45623,0,0
D,DCONS,,1,"2026/02/03 14:05:00",1,N>>NIL_84_83_OPEN,0,11136.54482,0,0
D,DCONS,,1,"2026/02/03 14:05:00",1,N>>NIL_84_88_S,0,1529.76407,0,0
D,DCONS,,1,"2026/02/03 14:05:00",1,N>>NIL_85_86_S,0,1173.21395,0,0
D,DCONS,,1,"2026/02/03 14:05:00",1,N>>NIL_86_85_N,0,1108.25024,0,0
D,DCONS,,1,"2026/02/03 14:05:00",1,N>>NIL_86_85_S,0,1253.13411,0,0
D,DCONS,,1,"2026/02/03 14:05:00",1,N>>NIL_86_8U_S,0,1320.86329,0,0
D,DCONS,,1,"2026/02/03 14:05:00",1,N>>NIL_86_N,0,1751.79512,0,0
D,DCONS,,1,"2026/02/03 14:05:00",1,N>>NIL_86_NIL_S,0,1905.27744,0,0
D,DCONS,,1,"2026/02/03 14:05:00",1,N>>NIL_88_84_N,0,1343.66597,0,0
D,DCONS,,1,"2026/02/03 14:05:00",1,N>>NIL_88_84_S,0,1536.07826,0,0
D,DCONS,,1,"2026/02/03 14:05:00",1,N>>NIL_8E_8C_S,0,1359.42669,0,0
D,DCONS,,1,"2026/02/03 14:05:00",1,N>>NIL_8U_86_S,0,1262.69846,0,0
D,DCONS,,1,"2026/02/03 14:05:00",1,N>>NIL_8_16,0,3468.08683,0,0
D,DCONS,,1,"2026/02/03 14:05:00",1,N>>NIL_8_18,0,4008.32726,0,0
D,DCONS,,1,"2026/02/03 14:05:00",1,N>>NIL_8_3W,0,4002.15962,0,0
D,DCONS,,1,"2026/02/03 14:05:00",1,N>>NIL_964_84_S,0,962.21067,0,0
D,DCONS,,1,"2026/02/03 14:05:00",1,N>>NIL_964_88_S,0,962.78495,0,0
D,DCONS,,1,"2026/02/03 14:05:00",1,N>>NIL_966/1_87_S,0,141.52502,0,0
D,DCONS,,1,"2026/02/03 14:05:00",1,N>>NIL_967_89_S,0,257.3184,0,0
D,DCONS,,1,"2026/02/03 14:05:00",1,N>>NIL_990,0,1341.98992,0,0
D,DCONS,,1,"2026/02/03 14:05:00",1,N>>NIL_991,0,1322.19442,0,0
D,DCONS,,1,"2026/02/03 14:05:00",1,N>>NIL_994,0,413.89678,0,0
D,DCONS,,1,"2026/02/03 14:05:00",1,N>>NIL_996_62,0,635.04208,0,0
D,DCONS,,1,"2026/02/03 14:05:00",1,N>>NIL_9W2_9W8,0,1179.03108,0,0
D,DCONS,,1,"2026/02/03 14:05:00",1,N>>NIL_9_18_N,0,1588.58,0,0
D,DCONS,,1,"2026/02/03 14:05:00",1,N>>NIL_9_18_S,0,1132.32909,0,0
D,DCONS,,1,"2026/02/03 14:05:00",1,N>>NIL_9_6,0,1141.02512,0,0
D,DCONS,,1,"2026/02/03 14:05:00",1,N>>NIL_DPTX_HV,0,557.89522,0,0
D,DCONS,,1,"2026/02/03 14:05:00",1,N>>NIL_DPTX_LV,0,485.3385,0,0
D,DCONS,,1,"2026/02/03 14:05:00",1,N>>NIL_X3_060,0,766.95562,0,0
D,DCONS,,1,"2026/02/03 14:05:00",1,N>>V_NIL_65,0,1014.955,0,0
D,DCONS,,1,"2026/02/03 14:05:00",1,N>>V_NIL_65_66,0,938.26913,0,0
D,DCONS,,1,"2026/02/03 14:05:00",1,N>>V_NIL_65_LTWG,0,1241.74146,0,0
D,DCONS,,1,"2026/02/03 14:05:00",1,N>>V_NIL_66,0,1473.56329,0,0
D,DCONS,,1,"2026/02/03 14:05:00",1,N>>V_NIL_66_65,0,977.2915,0,0
D,DCONS,,1,"2026/02/03 14:05:00",1,N>>V_NIL_66_LTWG,0,1759.00738,0,0
D,DCONS,,1,"2026/02/03 14:05:00",1,N>>V_X3_65_66,0,1108.35338,0,0
D,DCONS,,1,"2026/02/03 14:05:00",1,N>>V_X3_66_65,0,1135.36425,0,0
D,DCONS,,1,"2026/02/03 14:05:00",1,N>BEBO_9ML/1_NIL,0,161.82546,0,0
D,DCONS,,1,"2026/02/03 14:05:00",1,N>N-NIL_TE_LOAD,0,9999,0,0
D,DCONS,,1,"2026/02/03 14:05:00",1,N>NIL_051,0,1665.40877,0,0
D,DCONS,,1,"2026/02/03 14:05:00",1,N>NIL_64_S,0,2180.97088,0,0
D,DCONS,,1,"2026/02/03 14:05:00",1,N>NIL_6M_N,0,2120.94095,0,0
D,DCONS,,1,"2026/02/03 14:05:00",1,N>NIL_8J_8C,0,1382.06359,0,0
D,DCONS,,1,"2026/02/03 14:05:00",1,N>NIL_901,0,123.42804,0,0
D,DCONS,,1,"2026/02/03 14:05:00",1,N>NIL_945_947,0,185.18697,0,0
D,DCONS,,1,"2026/02/03 14:05:00",1,N>NIL_947_94T,0,314.0787,0,0
D,DCONS,,1,"2026/02/03 14:05:00",1,N>NIL_94B,0,202.33892,0,0
D,DCONS,,1,"2026/02/03 14:05:00",1,N>NIL_94K_1,0,144.65038,0,0
D,DCONS,,1,"2026/02/03 14:05:00",1,N>NIL_94M,0,372.2734,0,0
D,DCONS,,1,"2026/02/03 14:05:00",1,N>NIL_94T,0,92.44601,-2095.35141,0
D,DCONS,,1,"2026/02/03 14:05:00",1,N>NIL_94T_75,0,172.62398,0,0
D,DCONS,,1,"2026/02/03 14:05:00",1,N>NIL_94T_79,0,176.72721,0,0
D,DCONS,,1,"2026/02/03 14:05:00",1,N>NIL_94T_947,0,114.58384,0,0
D,DCONS,,1,"2026/02/03 14:05:00",1,N>NIL_967_89,0,20135.40603,0,0
D,DCONS,,1,"2026/02/03 14:05:00",1,N>NIL_969,0,81.82447,-995.29169,0
D,DCONS,,1,"2026/02/03 14:05:00",1,N>NIL_96C_87,0,20467.32269,0,0
D,DCONS,,1,"2026/02/03 14:05:00",1,N>NIL_973,0,491.33578,0,0
D,DCONS,,1,"2026/02/03 14:05:00",1,N>NIL_977_976,0,118.40855,0,0
D,DCONS,,1,"2026/02/03 14:05:00",1,N>NIL_983_987,0,786.37802,0,0
D,DCONS,,1,"2026/02/03 14:05:00",1,N>NIL_997/1_3G,0,352.91889,0,0
D,DCONS,,1,"2026/02/03 14:05:00",1,N>NIL_997/2_3G,0,289.64454,0,0
D,DCONS,,1,"2026/02/03 14:05:00",1,N>NIL_997/2_99A,0,144.04444,0,0
D,DCONS,,1,"2026/02/03 14:05:00",1,N>NIL_997_99A,0,184.39903,0,0
D,DCONS,,1,"2026/02/03 14:05:00",1,N>NIL_998,0,127.87559,0,0
D,DCONS,,1,"2026/02/03 14:05:00",1,N>NIL_998_18,0,130.98367,0,0
D,DCONS,,1,"2026/02/03 14:05:00",1,N>NIL_999,0,10093.44365,0,0
D,DCONS,,1,"2026/02/03 14:05:00",1,N>NIL_999_9GL,0,10117.26752,0,0
D,DCONS,,1,"2026/02/03 14:05:00",1,N>NIL_999_S,0,10277.74429,0,0
D,DCONS,,1,"2026/02/03 14:05:00",1,N>NIL_99F,0,375.07131,0,0
D,DCONS,,1,"2026/02/03 14:05:00",1,N>NIL_99U,0,155.60859,0,0
D,DCONS,,1,"2026/02/03 14:05:00",1,N>NIL_9GL,0,155.68371,0,0
D,DCONS,,1,"2026/02/03 14:05:00",1,N>NIL_9GM,0,10109.32672,0,0
D,DCONS,,1,"2026/02/03 14:05:00",1,N>NIL_9J5/1,0,178.81254,0,0
D,DCONS,,1,"2026/02/03 14:05:00",1,N>NIL_9J5/2,0,288.57212,0,0
D,DCONS,,1,"2026/02/03 14:05:00",1,N>NIL_9J6,0,241.34759,0,0
D,DCONS,,1,"2026/02/03 14:05:00",1,N>NIL_9ML,0,168.87696,0,0
D,DCONS,,1,"2026/02/03 14:05:00",1,N>NIL_9R1,0,1085.08381,0,0
D,DCONS,,1,"2026/02/03 14:05:00",1,N>NIL_9R4,0,252.24709,0,0
D,DCONS,,1,"2026/02/03 14:05:00",1,N>NIL_9R4_62,0,176.51659,0,0
D,DCONS,,1,"2026/02/03 14:05:00",1,N>NIL_9R4_99A,0,156.59756,0,0
D,DCONS,,1,"2026/02/03 14:05:00",1,N>NIL_9R4_9R3,0,198.66911,0,0
D,DCONS,,1,"2026/02/03 14:05:00",1,N>NIL_9R5,0,388.73561,0,0
D,DCONS,,1,"2026/02/03 14:05:00",1,N>NIL_9R5_9R6,0,247.46153,0,0
D,DCONS,,1,"2026/02/03 14:05:00",1,N>NIL_9R6,0,324.40924,0,0
D,DCONS,,1,"2026/02/03 14:05:00",1,N>NIL_9R6_991,0,271.88865,-983.10422,0
D,DCONS,,1,"2026/02/03 14:05:00",1,N>NIL_9R6_9R5,0,244.84145,0,0
D,DCONS,,1,"2026/02/03 14:05:00",1,N>NIL_9U3,0,319.307,0,0
D,DCONS,,1,"2026/02/03 14:05:00",1,N>NIL_9U9_9U8,0,215.75341,0,0
D,DCONS,,1,"2026/02/03 14:05:00",1,N>NIL_BHTX_HV,0,59.48635,0,0
D,DCONS,,1,"2026/02/03 14:05:00",1,N>NIL_BHTX_LV,0,90.45771,0,0
D,DCONS,,1,"2026/02/03 14:05:00",1,N>NIL_CLDP,0,258.75222,0,0
D,DCONS,,1,"2026/02/03 14:05:00",1,N>NIL_LSDU,0,77.22231,0,0
D,DCONS,,1,"2026/02/03 14:05:00",1,N>NIL_MBDU,0,187.12284,-3.06443,0
D,DCONS,,1,"2026/02/03 14:05:00",1,N>NIL_PKTX_LV,0,105.59714,0,0
D,DCONS,,1,"2026/02/03 14:05:00",1,N>NIL_X2,0,414.29224,0,0
D,DCONS,,1,"2026/02/03 14:05:00",1,N>NIL_YSTX_LV,0,442.84325,0,0
D,DCONS,,1,"2026/02/03 14:05:00",1,N>Q-NIL_757_758,0,98.15796,0,0
D,DCONS,,1,"2026/02/03 14:05:00",1,NC_N_QUORNPSH_ADG1,0,5.364,7510917.45834,0
D,DCONS,,1,"2026/02/03 14:05:00",1,NQTE_ROC,0,-106.59961,0,0
D,DCONS,,1,"2026/02/03 14:05:00",1,NQ_950_DYN_TEST,0,950,0,0
D,DCONS,,1,"2026/02/03 14:05:00",1,NQ_950_TEST,0,950,0,0
D,DCONS,,1,"2026/02/03 14:05:00",1,NRM_NSW1_QLD1,0,10351.39258,0,0
D,DCONS,,1,"2026/02/03 14:05:00",1,NRM_NSW1_VIC1,0,10020,0,0
D,DCONS,,1,"2026/02/03 14:05:00",1,NRM_QLD1_NSW1,0,10020,0,0
D,DCONS,,1,"2026/02/03 14:05:00",1,NRM_SA1_VIC1,0,10020,0,0
D,DCONS,,1,"2026/02/03 14:05:00",1,NRM_VIC1_NSW1,0,10251.08272,0,0
D,DCONS,,1,"2026/02/03 14:05:00",1,NRM_VIC1_SA1,0,10020,0,0
D,DCONS,,1,"2026/02/03 14:05:00",1,N^^N_NIL_1,0,2382.81475,0,0
D,DCONS,,1,"2026/02/03 14:05:00",1,N^^N_NIL_WGLT,0,1200.15729,0,0
D,DCONS,,1,"2026/02/03 14:05:00",1,N^^N_NIL_X5_BEKG,0,451.91269,0,0
D,DCONS,,1,"2026/02/03 14:05:00",1,N^^N_NIL_X5_BESH,0,439.54069,0,0
D,DCONS,,1,"2026/02/03 14:05:00",1,N^^Q_NIL_CPP_3,0,1390.87511,0,0
D,DCONS,,1,"2026/02/03 14:05:00",1,N^^Q_NIL_CPP_4,0,1390.87511,0,0
D,DCONS,,1,"2026/02/03 14:05:00",1,N^^Q_NIL_KPP_1,0,1390.87511,0,0
D,DCONS,,1,"2026/02/03 14:05:00",1,N^^Q_NIL_MAXGEN,0,1158.32012,0,0
D,DCONS,,1,"2026/02/03 14:05:00",1,N^^Q_NIL_MPP_1,0,1390.87511,0,0
D,DCONS,,1,"2026/02/03 14:05:00",1,N^^Q_NIL_MPP_2,0,1390.87511,0,0
D,DCONS,,1,"2026/02/03 14:05:00",1,N^^Q_NIL_TNPS1,0,1390.87511,0,0
D,DCONS,,1,"2026/02/03 14:05:00",1,N^^V_BADP_1,0,618.60268,0,0
D,DCONS,,1,"2026/02/03 14:05:00",1,N^^V_NIL_1,0,768.60268,0,0
D,DCONS,,1,"2026/02/03 14:05:00",1,N^^V_NIL_ARWBBA,0,1132.11706,0,0
D,DCONS,,1,"2026/02/03 14:05:00",1,N_NIL_TE_A,0,161.3,0,0
D,DCONS,,1,"2026/02/03 14:05:00",1,N_NIL_TE_B,0,198.7,0,0
D,DCONS,,1,"2026/02/03 14:05:00",1,N_V_HV1700_OSC_AUTO,0,11767.7,0,0
D,DCONS,,1,"2026/02/03 14:05:00",1,N_WDR_NO_SCADA,0,140,0,0
D,DCONS,,1,"2026/02/03 14:05:00",1,Q:NIL_CS,0,4479.87437,0,0
D,DCONS,,1,"2026/02/03 14:05:00",1,Q>>NIL_MRTX1_MRGB,0,11271.43,0,0
D,DCONS,,1,"2026/02/03 14:05:00",1,Q>>NIL_MRTX4_MRTX5,0,2949.30333,0,0
D,DCONS,,1,"2026/02/03 14:05:00",1,Q>N-NIL_8L_8M,0,1386.58594,0,0
D,DCONS,,1,"2026/02/03 14:05:00",1,Q>NIL_757_758_ECS,0,201.6,0,0
D,DCONS,,1,"2026/02/03 14:05:00",1,Q>NIL_BCCP_CLWU,0,3316.25336,0,0
D,DCONS,,1,"2026/02/03 14:05:00",1,Q>NIL_BCCP_LCCP,0,2643.21129,0,0
D,DCONS,,1,"2026/02/03 14:05:00",1,Q>NIL_BCRG_BCCP,0,2620.11212,0,0
D,DCONS,,1,"2026/02/03 14:05:00",1,Q>NIL_BCRG_CLWU,0,2720.44834,0,0
D,DCONS,,1,"2026/02/03 14:05:00",1,Q>NIL_BCST_BCST,0,1441.42195,0,0
D,DCONS,,1,"2026/02/03 14:05:00",1,Q>NIL_BI_FB,0,459.548,0,0
D,DCONS,,1,"2026/02/03 14:05:00",1,Q>NIL_CLBTX_CLBTX,0,843.60956,0,0
D,DCONS,,1,"2026/02/03 14:05:00",1,Q>NIL_CLWU_BCRG,0,2881.31823,0,0
D,DCONS,,1,"2026/02/03 14:05:00",1,Q>NIL_CLWU_LCCP,0,2899.14258,0,0
D,DCONS,,1,"2026/02/03 14:05:00",1,Q>NIL_CPWU_CLWU,0,2500.34494,0,0
D,DCONS,,1,"2026/02/03 14:05:00",1,Q>NIL_DRLCLB_NIL,0,200.03824,0,0
D,DCONS,,1,"2026/02/03 14:05:00",1,Q>NIL_LCCP_BCCP,0,1323.22088,0,0
D,DCONS,,1,"2026/02/03 14:05:00",1,Q>NIL_LCCP_CLWU,0,1181.60334,0,0
D,DCONS,,1,"2026/02/03 14:05:00",1,Q>NIL_MRTA_A,0,10045.2,0,0
D,DCONS,,1,"2026/02/03 14:05:00",1,Q>NIL_MRTA_B,0,10045.2,0,0
D,DCONS,,1,"2026/02/03 14:05:00",1,Q>NIL_MRTA_C,0,380.37262,0,0
D,DCONS,,1,"2026/02/03 14:05:00",1,Q>NIL_MUTE_757,0,10000,0,0
D,DCONS,,1,"2026/02/03 14:05:00",1,Q>NIL_MUTE_758,0,10000,0,0
D,DCONS,,1,"2026/02/03 14:05:00",1,Q>NIL_MUTX_MUTX,0,10000,0,0
D,DCONS,,1,"2026/02/03 14:05:00",1,Q>NIL_PWSP_WOSP,0,3252.99918,0,0
D,DCONS,,1,"2026/02/03 14:05:00",1,Q>NIL_RGLC_BCCP,0,2531.80995,0,0
D,DCONS,,1,"2026/02/03 14:05:00",1,Q>NIL_RGLC_CLWU,0,2610.60044,0,0
D,DCONS,,1,"2026/02/03 14:05:00",1,Q>NIL_TV66,0,416.73238,0,0
D,DCONS,,1,"2026/02/03 14:05:00",1,Q>NIL_WOPW_WOSP,0,3154.8546,0,0
D,DCONS,,1,"2026/02/03 14:05:00",1,Q>NIL_YLMR,0,107.12585,0,0
D,DCONS,,1,"2026/02/03 14:05:00",1,QNTE_ROC,0,266.59961,0,0
D,DCONS,,1,"2026/02/03 14:05:00",1,QN_1400_DYN_TEST,0,1400,0,0
D,DCONS,,1,"2026/02/03 14:05:00",1,QN_1400_TEST,0,1400,0,0
D,DCONS,,1,"2026/02/03 14:05:00",1,Q^CN_FDR-060,0,-512.97659,0,0
D,DCONS,,1,"2026/02/03 14:05:00",1,Q^CN_GT-090,0,-650.33999,0,0
D,DCONS,,1,"2026/02/03 14:05:00",1,Q^FNQ_8905_-060,0,-342.42603,0,0
D,DCONS,,1,"2026/02/03 14:05:00",1,Q^NIL_CN_FDR,0,-572.97649,0,0
D,DCONS,,1,"2026/02/03 14:05:00",1,Q^NIL_CN_GT,0,-740.33989,0,0
D,DCONS,,1,"2026/02/03 14:05:00",1,Q^NIL_CS,0,3601.52753,0,0
D,DCONS,,1,"2026/02/03 14:05:00",1,Q^NIL_FNQ_8905,0,-402.42503,0,0
D,DCONS,,1,"2026/02/03 14:05:00",1,Q^NIL_GC,0,-12036.88228,0,0
D,DCONS,,1,"2026/02/03 14:05:00",1,Q^^NIL_TR_CLHA,0,4350.34312,0,0
D,DCONS,,1,"2026/02/03 14:05:00",1,Q^^NIL_TR_TRBK,0,5579.84207,0,0
D,DCONS,,1,"2026/02/03 14:05:00",1,Q^^N_NIL_SRAR,0,1134.90374,0,0
D,DCONS,,1,"2026/02/03 14:05:00",1,Q_KEP-HYB_50MW,0,50,0,0
D,DCONS,,1,"2026/02/03 14:05:00",1,Q_NIL_STRGTH_CKWF,0,10000,0,0
D,DCONS,,1,"2026/02/03 14:05:00",1,Q_NIL_STRGTH_CKWF_I,0,10100,0,0
D,DCONS,,1,"2026/02/03 14:05:00",1,Q_NIL_STRGTH_KEP,0,10000.001,0,0
D,DCONS,,1,"2026/02/03 14:05:00",1,Q_NIL_STRGTH_KEP_I,0,10018,0,0
D,DCONS,,1,"2026/02/03 14:05:00",1,S::V_KHKN_TBSE,0,823.08302,0,0
D,DCONS,,1,"2026/02/03 14:05:00",1,S::V_NIL_TBSE_1,0,854.09257,0,0
D,DCONS,,1,"2026/02/03 14:05:00",1,S::V_NIL_TBSE_2-DS,0,10000,0,0
D,DCONS,,1,"2026/02/03 14:05:00",1,S:VS_580_OSC_AUTO_1,0,10000,0,0
D,DCONS,,1,"2026/02/03 14:05:00",1,S:VS_700_1,0,10000,0,0
D,DCONS,,1,"2026/02/03 14:05:00",1,S:VS_700_OSC_AUTO,0,10678.23175,0,0
D,DCONS,,1,"2026/02/03 14:05:00",1,S:VS_800,0,778.23175,0,0
D,DCONS,,1,"2026/02/03 14:05:00",1,S:VS_900_HY_TEST,0,900,0,0
D,DCONS,,1,"2026/02/03 14:05:00",1,S:VS_900_HY_TEST_DYN,0,900,0,0
D,DCONS,,1,"2026/02/03 14:05:00",1,S:V_460_OSC_AUTO_1,0,10000,0,0
D,DCONS,,1,"2026/02/03 14:05:00",1,S:V_550_1,0,10000,0,0
D,DCONS,,1,"2026/02/03 14:05:00",1,S:V_550_OSC_AUTO,0,13668.86596,0,0
D,DCONS,,1,"2026/02/03 14:05:00",1,S:V_650,0,729.56596,0,0
D,DCONS,,1,"2026/02/03 14:05:00",1,S:V_700_HY_TEST,0,700,0,0
D,DCONS,,1,"2026/02/03 14:05:00",1,S:V_700_HY_TEST_DYN,0,700,0,0
D,DCONS,,1,"2026/02/03 14:05:00",1,S>>KHKN_SETB_SETB,0,760.32784,0,0
D,DCONS,,1,"2026/02/03 14:05:00",1,S>>KHKN_TBSE_TBSE,0,600.85674,0,0
D,DCONS,,1,"2026/02/03 14:05:00",1,S>>KHKN_TBTX4_TBMO,0,166.77955,0,0
D,DCONS,,1,"2026/02/03 14:05:00",1,S>>NIL_BGBW_BRTW,0,1350.27051,0,0
D,DCONS,,1,"2026/02/03 14:05:00",1,S>>NIL_BRTW_MW4RB,0,251.72718,0,0
D,DCONS,,1,"2026/02/03 14:05:00",1,S>>NIL_BRTW_WTTP,0,605.00229,0,0
D,DCONS,,1,"2026/02/03 14:05:00",1,S>>NIL_BRTX_MW4RB,0,239.83686,0,0
D,DCONS,,1,"2026/02/03 14:05:00",1,S>>NIL_BRTX_WTTP,0,516.17096,0,0
D,DCONS,,1,"2026/02/03 14:05:00",1,S>>NIL_BWMP_BRTW,0,1352.71433,0,0
D,DCONS,,1,"2026/02/03 14:05:00",1,S>>NIL_BWMP_MW4RB,0,253.15987,0,0
D,DCONS,,1,"2026/02/03 14:05:00",1,S>>NIL_BWMP_RBTU,0,1960.57831,0,0
D,DCONS,,1,"2026/02/03 14:05:00",1,S>>NIL_BWMP_TPRS,0,452.1966,0,0
D,DCONS,,1,"2026/02/03 14:05:00",1,S>>NIL_BWMP_TWPA,0,895.05852,0,0
D,DCONS,,1,"2026/02/03 14:05:00",1,S>>NIL_BWMP_WTTP,0,640.67614,0,0
D,DCONS,,1,"2026/02/03 14:05:00",1,S>>NIL_CNRB_MW4RB,0,263.36493,0,0
D,DCONS,,1,"2026/02/03 14:05:00",1,S>>NIL_HUBG-T_WEWT,0,10000,0,0
D,DCONS,,1,"2026/02/03 14:05:00",1,S>>NIL_HUBG-T_WEWT2,0,10000,0,0
D,DCONS,,1,"2026/02/03 14:05:00",1,S>>NIL_HUBG-T_WEWT3,0,433.72227,0,0
D,DCONS,,1,"2026/02/03 14:05:00",1,S>>NIL_LKDV_WEWT,0,389.90039,0,0
D,DCONS,,1,"2026/02/03 14:05:00",1,S>>NIL_MKRB_MW4RB,0,260.94536,0,0
D,DCONS,,1,"2026/02/03 14:05:00",1,S>>NIL_RBNW1_MWP1NWB,0,10000,0,0
D,DCONS,,1,"2026/02/03 14:05:00",1,S>>NIL_RBNW1_RBMWP3,0,10000,0,0
D,DCONS,,1,"2026/02/03 14:05:00",1,S>>NIL_RBTU_BRTW,0,1532.40591,0,0
D,DCONS,,1,"2026/02/03 14:05:00",1,S>>NIL_RBTU_RBTU,0,1332.78479,0,0
D,DCONS,,1,"2026/02/03 14:05:00",1,S>>NIL_RBTU_TWPA,0,867.51688,0,0
D,DCONS,,1,"2026/02/03 14:05:00",1,S>>NIL_RBTU_WEWT,0,375.58397,0,0
D,DCONS,,1,"2026/02/03 14:05:00",1,S>>NIL_RBTU_WTTP,0,621.08768,0,0
D,DCONS,,1,"2026/02/03 14:05:00",1,S>>NIL_RBTX1_WTWE,0,270.79932,0,0
D,DCONS,,1,"2026/02/03 14:05:00",1,S>>NIL_RBTX_RBTX_1,0,247.92498,0,0
D,DCONS,,1,"2026/02/03 14:05:00",1,S>>NIL_RBTX_RBTX_2,0,283.97425,0,0
D,DCONS,,1,"2026/02/03 14:05:00",1,S>>NIL_SETB_SETB_1,0,1111.09724,0,0
D,DCONS,,1,"2026/02/03 14:05:00",1,S>>NIL_TBSE_PWSE_1,0,10000,0,0
D,DCONS,,1,"2026/02/03 14:05:00",1,S>>NIL_TBSE_TBSE_1,0,856.76922,0,0
D,DCONS,,1,"2026/02/03 14:05:00",1,S>>NIL_TBTU_TBMO_1,0,483.98917,0,0
D,DCONS,,1,"2026/02/03 14:05:00",1,S>>NIL_TBTU_TBTU_1,0,971.93155,0,0
D,DCONS,,1,"2026/02/03 14:05:00",1,S>>NIL_TBTX4_TBMO_1,0,199.22023,0,0
D,DCONS,,1,"2026/02/03 14:05:00",1,S>>NIL_TPWTX_TPDR,0,127.84365,0,0
D,DCONS,,1,"2026/02/03 14:05:00",1,S>>NIL_TUTB_MOTB_1,0,436.97709,0,0
D,DCONS,,1,"2026/02/03 14:05:00",1,S>>NIL_TUTB_TUTB_1,0,649.28189,0,0
D,DCONS,,1,"2026/02/03 14:05:00",1,S>>NIL_TWPA_BWMP,0,800.93797,0,0
D,DCONS,,1,"2026/02/03 14:05:00",1,S>>NIL_TWPA_MW4RB,0,239.66397,0,0
D,DCONS,,1,"2026/02/03 14:05:00",1,S>>NIL_TWPA_TPRS,0,340.81152,0,0
D,DCONS,,1,"2026/02/03 14:05:00",1,S>>V_NIL_DVBG_STBG,0,137.18079,0,0
D,DCONS,,1,"2026/02/03 14:05:00",1,S>>V_NIL_NIL_HUWT,0,156.68778,0,0
D,DCONS,,1,"2026/02/03 14:05:00",1,S>>V_NIL_NIL_MNWT,0,309.99932,0,0
D,DCONS,,1,"2026/02/03 14:05:00",1,S>>V_NIL_NIL_MW1NWB,0,336.40422,0,0
D,DCONS,,1,"2026/02/03 14:05:00",1,S>>V_NIL_NIL_RBMW3,0,170.17441,0,0
D,DCONS,,1,"2026/02/03 14:05:00",1,S>>V_NIL_NIL_RBNW1,0,248.24266,0,0
D,DCONS,,1,"2026/02/03 14:05:00",1,S>>V_NIL_RBTX_MW4RB,0,293.07503,0,0
D,DCONS,,1,"2026/02/03 14:05:00",1,S>>V_NIL_WTTP_MW4RB,0,223.38522,0,0
D,DCONS,,1,"2026/02/03 14:05:00",1,S>KHKN_NIL_SETX12,0,328.65356,0,0
D,DCONS,,1,"2026/02/03 14:05:00",1,S>KHKN_SETX_SETX,0,227.80751,0,0
D,DCONS,,1,"2026/02/03 14:05:00",1,S>KHKN_SETX_SETX1,0,10000,0,0
D,DCONS,,1,"2026/02/03 14:05:00",1,S>NIL_BRTW_MNWT,0,286.29478,0,0
D,DCONS,,1,"2026/02/03 14:05:00",1,S>NIL_BWMP_CNRB,0,973.99029,0,0
D,DCONS,,1,"2026/02/03 14:05:00",1,S>NIL_BWMP_HUWT,0,151.80833,0,0
D,DCONS,,1,"2026/02/03 14:05:00",1,S>NIL_BWMP_RHBR-T,0,242.82114,0,0
D,DCONS,,1,"2026/02/03 14:05:00",1,S>NIL_DVBG_BRTW,0,1763.70333,0,0
D,DCONS,,1,"2026/02/03 14:05:00",1,S>NIL_DVTX_DVTX,0,10154.50838,0,0
D,DCONS,,1,"2026/02/03 14:05:00",1,S>NIL_HUWT_STBG,0,10000,0,0
D,DCONS,,1,"2026/02/03 14:05:00",1,S>NIL_HUWT_STBG2,0,10000,0,0
D,DCONS,,1,"2026/02/03 14:05:00",1,S>NIL_HUWT_STBG3,0,61.83998,0,0
D,DCONS,,1,"2026/02/03 14:05:00",1,S>NIL_LKDV_CNRB,0,600.11387,0,0
D,DCONS,,1,"2026/02/03 14:05:00",1,S>NIL_MHNW1_MHNW2,0,149.19924,-4.67905,0
D,DCONS,,1,"2026/02/03 14:05:00",1,S>NIL_NIL_DLAW,0,103.74457,0,0
D,DCONS,,1,"2026/02/03 14:05:00",1,S>NIL_NIL_MHNW2,0,295.7092,0,0
D,DCONS,,1,"2026/02/03 14:05:00",1,S>NIL_NIL_MYSG-T,0,279.55619,0,0
D,DCONS,,1,"2026/02/03 14:05:00",1,S>NIL_NIL_NWMH2,0,253.85969,0,0
D,DCONS,,1,"2026/02/03 14:05:00",1,S>NIL_NIL_SETX12,0,361.18741,0,0
D,DCONS,,1,"2026/02/03 14:05:00",1,S>NIL_NIL_SGBN,0,309.92577,0,0
D,DCONS,,1,"2026/02/03 14:05:00",1,S>NIL_NIL_SGMYSE-T2,0,397.23452,0,0
D,DCONS,,1,"2026/02/03 14:05:00",1,S>NIL_NWMH1_NWMH2,0,10000,0,0
D,DCONS,,1,"2026/02/03 14:05:00",1,S>NIL_NWRB1_MWP3RB,0,213.47591,0,0
D,DCONS,,1,"2026/02/03 14:05:00",1,S>NIL_NWRB2_NWRB1,0,150.71411,0,0
D,DCONS,,1,"2026/02/03 14:05:00",1,S>NIL_RBMWP3_RBNW1,0,10000,0,0
D,DCONS,,1,"2026/02/03 14:05:00",1,S>NIL_SGBN_SGSE-T,0,268.00853,0,0
D,DCONS,,1,"2026/02/03 14:05:00",1,S>NIL_SGBN_SGSE-T2,0,10000,0,0
D,DCONS,,1,"2026/02/03 14:05:00",1,S>NIL_TINO3_TINO4,0,359.61608,0,0
D,DCONS,,1,"2026/02/03 14:05:00",1,S>NIL_WEMW4_WTTP,0,351.34086,0,0
D,DCONS,,1,"2026/02/03 14:05:00",1,S>V_NIL_SEHY,0,942.8068,0,0
D,DCONS,,1,"2026/02/03 14:05:00",1,S>V_NIL_SETX_SETX,0,256.72223,0,0
D,DCONS,,1,"2026/02/03 14:05:00",1,S>V_NIL_SETX_SETX1,0,10000,0,0
D,DCONS,,1,"2026/02/03 14:05:00",1,SVML^MH-CAP_OFF,0,149.36716,0,0
D,DCONS,,1,"2026/02/03 14:05:00",1,SVML^NIL_MH-CAP_ON,0,155.65874,0,0
D,DCONS,,1,"2026/02/03 14:05:00",1,SVML_233,0,233,0,0
D,DCONS,,1,"2026/02/03 14:05:00",1,SVML_FLT_130,0,130,0,0
D,DCONS,,1,"2026/02/03 14:05:00",1,SVML_ROC_80,0,-70,0,0
D,DCONS,,1,"2026/02/03 14:05:00",1,SV_550_TEST,0,631.54096,0,0
D,DCONS,,1,"2026/02/03 14:05:00",1,S^NIL_SA_NORTH,0,1872,0,0
D,DCONS,,1,"2026/02/03 14:05:00",1,S_LB2WF_CONF,0,198,0,0
D,DCONS,,1,"2026/02/03 14:05:00",1,S_NIL_STRENGTH_1,0,2500,0,0
D,DCONS,,1,"2026/02/03 14:05:00",1,S_V_HEYWOOD_OFGS,0,428.64961,0,0
D,DCONS,,1,"2026/02/03 14:05:00",1,S_V_NIL_ROCOF,0,1034.42395,0,0
D,DCONS,,1,"2026/02/03 14:05:00",1,T::T_NIL_1,0,10261.11069,0,0
D,DCONS,,1,"2026/02/03 14:05:00",1,T::T_NIL_3,0,10398.49516,0,0
D,DCONS,,1,"2026/02/03 14:05:00",1,T>>T_NIL_BL_EXP_3F,0,20807.03315,0,0
D,DCONS,,1,"2026/02/03 14:05:00",1,T>>T_NIL_BL_EXP_3G,0,20960.93822,0,0
D,DCONS,,1,"2026/02/03 14:05:00",1,T>>T_NIL_BL_EXP_3H,0,21227.95749,0,0
D,DCONS,,1,"2026/02/03 14:05:00",1,T>>T_NIL_BL_EXP_4E,0,20292.06368,0,0
D,DCONS,,1,"2026/02/03 14:05:00",1,T>>T_NIL_BL_EXP_4F,0,20245.40654,0,0
D,DCONS,,1,"2026/02/03 14:05:00",1,T>>T_NIL_BL_EXP_5F,0,20819.33618,0,0
D,DCONS,,1,"2026/02/03 14:05:00",1,T>>T_NIL_BL_EXP_5G,0,21032.88613,0,0
D,DCONS,,1,"2026/02/03 14:05:00",1,T>>T_NIL_BL_EXP_5H,0,21242.95258,0,0
D,DCONS,,1,"2026/02/03 14:05:00",1,T>>T_NIL_BL_EXP_6E,0,20915.22584,0,0
D,DCONS,,1,"2026/02/03 14:05:00",1,T>>T_NIL_BL_EXP_6F,0,21073.64089,0,0
D,DCONS,,1,"2026/02/03 14:05:00",1,T>>T_NIL_BL_EXP_7C,0,20491.95915,0,0
D,DCONS,,1,"2026/02/03 14:05:00",1,T>T_NIL_110_4,0,263.64853,0,0
D,DCONS,,1,"2026/02/03 14:05:00",1,T>T_NIL_110_5,0,318.17606,0,0
D,DCONS,,1,"2026/02/03 14:05:00",1,T>T_NIL_BL_110_2,0,185.36207,0,0
D,DCONS,,1,"2026/02/03 14:05:00",1,T>T_NIL_BL_110_3,0,294.11588,0,0
D,DCONS,,1,"2026/02/03 14:05:00",1,T>T_NIL_BL_110_4,0,158.08711,0,0
D,DCONS,,1,"2026/02/03 14:05:00",1,T>T_NIL_BL_110_5,0,294.31298,0,0
D,DCONS,,1,"2026/02/03 14:05:00",1,T>T_NIL_BL_110_8_1,0,228.91776,0,0
D,DCONS,,1,"2026/02/03 14:05:00",1,T>T_NIL_BL_110_9,0,492.01352,0,0
D,DCONS,,1,"2026/02/03 14:05:00",1,T>T_NIL_BL_220_6B,0,1013.55367,0,0
D,DCONS,,1,"2026/02/03 14:05:00",1,T>T_NIL_BL_220_6C,0,1246.55893,0,0
D,DCONS,,1,"2026/02/03 14:05:00",1,T>T_NIL_BL_220_6D,0,1138.82131,0,0
D,DCONS,,1,"2026/02/03 14:05:00",1,T>T_NIL_BL_3A,0,1237.05804,0,0
D,DCONS,,1,"2026/02/03 14:05:00",1,T>T_NIL_BL_3B,0,1236.66918,0,0
D,DCONS,,1,"2026/02/03 14:05:00",1,T>T_NIL_BL_3C,0,10854.09341,0,0
D,DCONS,,1,"2026/02/03 14:05:00",1,T>T_NIL_BL_3D,0,11008.53254,0,0
D,DCONS,,1,"2026/02/03 14:05:00",1,T>T_NIL_BL_3E,0,11275.13977,0,0
D,DCONS,,1,"2026/02/03 14:05:00",1,T>T_NIL_BL_4A,0,471.44807,0,0
D,DCONS,,1,"2026/02/03 14:05:00",1,T>T_NIL_BL_4B,0,481.34422,0,0
D,DCONS,,1,"2026/02/03 14:05:00",1,T>T_NIL_BL_4C,0,10613.01451,0,0
D,DCONS,,1,"2026/02/03 14:05:00",1,T>T_NIL_BL_4D,0,10546.47897,0,0
D,DCONS,,1,"2026/02/03 14:05:00",1,T>T_NIL_BL_5A,0,1228.90409,0,0
D,DCONS,,1,"2026/02/03 14:05:00",1,T>T_NIL_BL_5B,0,1229.3018,0,0
D,DCONS,,1,"2026/02/03 14:05:00",1,T>T_NIL_BL_5C,0,10864.83097,0,0
D,DCONS,,1,"2026/02/03 14:05:00",1,T>T_NIL_BL_5D,0,11082.89613,0,0
D,DCONS,,1,"2026/02/03 14:05:00",1,T>T_NIL_BL_5E,0,11289.37119,0,0
D,DCONS,,1,"2026/02/03 14:05:00",1,T>T_NIL_BL_6A,0,1346.13689,0,0
D,DCONS,,1,"2026/02/03 14:05:00",1,T>T_NIL_BL_6B,0,1351.64279,0,0
D,DCONS,,1,"2026/02/03 14:05:00",1,T>T_NIL_BL_6C,0,10965.2383,0,0
D,DCONS,,1,"2026/02/03 14:05:00",1,T>T_NIL_BL_6D,0,11123.65089,0,0
D,DCONS,,1,"2026/02/03 14:05:00",1,T>T_NIL_BL_IMP_2B,0,683.21213,0,0
D,DCONS,,1,"2026/02/03 14:05:00",1,T>T_NIL_BL_IMP_3F,0,880.61631,0,0
D,DCONS,,1,"2026/02/03 14:05:00",1,T>T_NIL_BL_IMP_3FF,0,880.18532,0,0
D,DCONS,,1,"2026/02/03 14:05:00",1,T>T_NIL_BL_IMP_3G,0,1038.61663,0,0
D,DCONS,,1,"2026/02/03 14:05:00",1,T>T_NIL_BL_IMP_3H,0,1317.90635,0,0
D,DCONS,,1,"2026/02/03 14:05:00",1,T>T_NIL_BL_IMP_4E,0,356.7005,0,0
D,DCONS,,1,"2026/02/03 14:05:00",1,T>T_NIL_BL_IMP_4EE,0,364.22921,0,0
D,DCONS,,1,"2026/02/03 14:05:00",1,T>T_NIL_BL_IMP_4F,0,302.28842,0,0
D,DCONS,,1,"2026/02/03 14:05:00",1,T>T_NIL_BL_IMP_5F,0,897.5769,0,0
D,DCONS,,1,"2026/02/03 14:05:00",1,T>T_NIL_BL_IMP_5FF,0,896.85422,0,0
D,DCONS,,1,"2026/02/03 14:05:00",1,T>T_NIL_BL_IMP_5G,0,1131.31925,0,0
D,DCONS,,1,"2026/02/03 14:05:00",1,T>T_NIL_BL_IMP_5H,0,1331.40055,0,0
D,DCONS,,1,"2026/02/03 14:05:00",1,T>T_NIL_BL_IMP_6E,0,984.40368,0,0
D,DCONS,,1,"2026/02/03 14:05:00",1,T>T_NIL_BL_IMP_6EE,0,988.13501,0,0
D,DCONS,,1,"2026/02/03 14:05:00",1,T>T_NIL_BL_IMP_6F,0,1145.74711,0,0
D,DCONS,,1,"2026/02/03 14:05:00",1,T>T_NIL_BL_IMP_7C,0,559.02125,0,0
D,DCONS,,1,"2026/02/03 14:05:00",1,T>T_NIL_BL_IMP_7CC,0,558.56296,0,0
D,DCONS,,1,"2026/02/03 14:05:00",1,T>T_NIL_BL_IMP_8B,0,648.38598,0,0
D,DCONS,,1,"2026/02/03 14:05:00",1,T>T_NIL_BL_IMP_8C,0,491.63987,0,0
D,DCONS,,1,"2026/02/03 14:05:00",1,T>T_NIL_NCSPS5_3F,0,10991.68602,0,0
D,DCONS,,1,"2026/02/03 14:05:00",1,T>T_NIL_NCSPS5_3FF,0,10991.69507,0,0
D,DCONS,,1,"2026/02/03 14:05:00",1,T>T_NIL_NCSPS5_3G,0,11180.24034,0,0
D,DCONS,,1,"2026/02/03 14:05:00",1,T>T_NIL_NCSPS5_3H,0,11498.14874,0,0
D,DCONS,,1,"2026/02/03 14:05:00",1,T>T_NIL_NCSPS5_7C,0,10667.00876,0,0
D,DCONS,,1,"2026/02/03 14:05:00",1,T>T_NIL_TOV_5F,0,11077.77473,0,0
D,DCONS,,1,"2026/02/03 14:05:00",1,T>T_NIL_TOV_5FF,0,11078.09321,0,0
D,DCONS,,1,"2026/02/03 14:05:00",1,TVBL_ROC,0,73.70117,0,0
D,DCONS,,1,"2026/02/03 14:05:00",1,T^T_NIL_BL_1,0,3100.09586,0,0
D,DCONS,,1,"2026/02/03 14:05:00",1,T^T_NIL_BL_2,0,14620.85302,0,0
D,DCONS,,1,"2026/02/03 14:05:00",1,T^T_NIL_BL_4,0,3348.90222,0,0
D,DCONS,,1,"2026/02/03 14:05:00",1,T^T_NIL_BL_5,0,1451.75361,0,0
D,DCONS,,1,"2026/02/03 14:05:00",1,T^T_NIL_BL_6,0,407.69996,0,0
D,DCONS,,1,"2026/02/03 14:05:00",1,T^T_NIL_BL_7,0,1951.5472,0,0
D,DCONS,,1,"2026/02/03 14:05:00",1,T^V_NIL_10,0,672.03039,0,0
D,DCONS,,1,"2026/02/03 14:05:00",1,T^V_NIL_11,0,589.12431,0,0
D,DCONS,,1,"2026/02/03 14:05:00",1,T^V_NIL_8,0,427.28869,0,0
D,DCONS,,1,"2026/02/03 14:05:00",1,T^V_NIL_9,0,350,0,0
D,DCONS,,1,"2026/02/03 14:05:00",1,T^V_NIL_BL_6,0,418.67737,0,0
D,DCONS,,1,"2026/02/03 14:05:00",1,T_BLINK_TV_BID,0,10000.0001,0,0
D,DCONS,,1,"2026/02/03 14:05:00",1,T_BLINK_TV_NGZ,0,-10000,0,0
D,DCONS,,1,"2026/02/03 14:05:00",1,T_BLINK_VT_BID,0,10000.0001,0,0
D,DCONS,,1,"2026/02/03 14:05:00",1,T_BLINK_VT_NGZ,0,0,0,0
D,DCONS,,1,"2026/02/03 14:05:00",1,T_ROCOF_1,0,617.50562,0,0
D,DCONS,,1,"2026/02/03 14:05:00",1,T_ROCOF_2,0,10376.16697,0,0
D,DCONS,,1,"2026/02/03 14:05:00",1,T_ROCOF_3_1,0,606.64062,0,0
D,DCONS,,1,"2026/02/03 14:05:00",1,T_ROCOF_3_2,0,512.94424,0,0
D,DCONS,,1,"2026/02/03 14:05:00",1,T_ROCOF_3_3,0,501.7365,0,0
D,DCONS,,1,"2026/02/03 14:05:00",1,T_V_FCSPS_DS,0,10144,0,0
D,DCONS,,1,"2026/02/03 14:05:00",1,T_V_NIL_BL1,0,10125,0,0
D,DCONS,,1,"2026/02/03 14:05:00",1,T_V_NIL_FCSPS,0,467.09284,0,0
D,DCONS,,1,"2026/02/03 14:05:00",1,V::N_NIL_O1,0,554.69739,0,0
D,DCONS,,1,"2026/02/03 14:05:00",1,V::N_NIL_O2,0,10554.69739,0,0
D,DCONS,,1,"2026/02/03 14:05:00",1,V::N_NIL_V1,0,471.85382,0,0
D,DCONS,,1,"2026/02/03 14:05:00",1,V::N_NIL_V2,0,10471.85382,0,0
D,DCONS,,1,"2026/02/03 14:05:00",1,V::N_SMSC_O1,0,504.69739,0,0
D,DCONS,,1,"2026/02/03 14:05:00",1,V::N_SMSC_O2,0,10504.69739,0,0
D,DCONS,,1,"2026/02/03 14:05:00",1,V::N_SMSC_V1,0,421.85382,0,0
D,DCONS,,1,"2026/02/03 14:05:00",1,V::N_SMSC_V2,0,10421.85382,0,0
D,DCONS,,1,"2026/02/03 14:05:00",1,V::S_KHKN_MAXG,0,360.42879,0,0
D,DCONS,,1,"2026/02/03 14:05:00",1,V::S_KHKN_SETB,0,779.05545,0,0
D,DCONS,,1,"2026/02/03 14:05:00",1,V::S_NIL_MAXG_1,0,342.93903,0,0
D,DCONS,,1,"2026/02/03 14:05:00",1,V::S_NIL_MAXG_2,0,10000,0,0
D,DCONS,,1,"2026/02/03 14:05:00",1,V::S_NIL_MAXG_3,0,10000,0,0
D,DCONS,,1,"2026/02/03 14:05:00",1,V::S_NIL_TBSE_1,0,813.75901,0,0
D,DCONS,,1,"2026/02/03 14:05:00",1,V::S_NIL_TBSE_2,0,10000,0,0
D,DCONS,,1,"2026/02/03 14:05:00",1,V::V_1900,0,1967.7,0,0
D,DCONS,,1,"2026/02/03 14:05:00",1,V:SS_680_OSC_AUTO,0,10000,0,0
D,DCONS,,1,"2026/02/03 14:05:00",1,V:SS_790_1,0,10000,0,0
D,DCONS,,1,"2026/02/03 14:05:00",1,V:SS_790_OSC_AUTO,0,10811.76825,0,0
D,DCONS,,1,"2026/02/03 14:05:00",1,V:SS_920,0,941.76825,0,0
D,DCONS,,1,"2026/02/03 14:05:00",1,V:SS_970_HY_TEST,0,970,0,0
D,DCONS,,1,"2026/02/03 14:05:00",1,V:SS_970_HY_TEST_DYN,0,970,0,0
D,DCONS,,1,"2026/02/03 14:05:00",1,V:S_460_OSC_AUTO,0,10000,0,0
D,DCONS,,1,"2026/02/03 14:05:00",1,V:S_570_1,0,10000,0,0
D,DCONS,,1,"2026/02/03 14:05:00",1,V:S_570_OSC_AUTO,0,13749.9786,0,0
D,DCONS,,1,"2026/02/03 14:05:00",1,V:S_700,0,928.8486,0,0
D,DCONS,,1,"2026/02/03 14:05:00",1,V:S_750_HY_TEST,0,750,0,0
D,DCONS,,1,"2026/02/03 14:05:00",1,V:S_750_HY_TEST_DYN,0,750,0,0
D,DCONS,,1,"2026/02/03 14:05:00",1,V:T_NIL_BL_1,0,534.77495,0,0
D,DCONS,,1,"2026/02/03 14:05:00",1,V>>KM_BABE_KMRC,0,10850.26383,0,0
D,DCONS,,1,"2026/02/03 14:05:00",1,V>>KM_BABE_KMRC_1,0,20850.26383,0,0
D,DCONS,,1,"2026/02/03 14:05:00",1,V>>NIL_ARTSTL_ARCW,0,10125.33082,0,0
D,DCONS,,1,"2026/02/03 14:05:00",1,V>>NIL_ARWB_KGBE,0,992.86589,0,0
D,DCONS,,1,"2026/02/03 14:05:00",1,V>>NIL_ARWB_RCWEKG,0,997.23363,0,0
D,DCONS,,1,"2026/02/03 14:05:00",1,V>>NIL_BABE_HOMRKM,0,836.49417,0,0
D,DCONS,,1,"2026/02/03 14:05:00",1,V>>NIL_BABE_KMRC,0,850.26383,0,0
D,DCONS,,1,"2026/02/03 14:05:00",1,V>>NIL_BABE_KMRC_1,0,10850.26383,0,0
D,DCONS,,1,"2026/02/03 14:05:00",1,V>>NIL_BABE_RCWEKO,0,543.13376,0,0
D,DCONS,,1,"2026/02/03 14:05:00",1,V>>NIL_BABE_SHBE,0,654.43311,0,0
D,DCONS,,1,"2026/02/03 14:05:00",1,V>>NIL_BABE_SHBE_5M,0,652.64483,0,0
D,DCONS,,1,"2026/02/03 14:05:00",1,V>>NIL_BANBGR_ARCW,0,10231.65932,0,0
D,DCONS,,1,"2026/02/03 14:05:00",1,V>>NIL_BEKG_HOMRKM,0,560.7933,0,0
D,DCONS,,1,"2026/02/03 14:05:00",1,V>>NIL_BGRART_ARCW,0,10179.66272,0,0
D,DCONS,,1,"2026/02/03 14:05:00",1,V>>NIL_CWAR_KGBE,0,885.33875,0,0
D,DCONS,,1,"2026/02/03 14:05:00",1,V>>NIL_DDSM_DDSM,0,11792.63469,0,0
D,DCONS,,1,"2026/02/03 14:05:00",1,V>>NIL_DDSM_DDSM_SIP,0,1792.63469,0,0
D,DCONS,,1,"2026/02/03 14:05:00",1,V>>NIL_DDTX1_NIL,0,1623.57764,0,0
D,DCONS,,1,"2026/02/03 14:05:00",1,V>>NIL_DDTX2_NIL,0,1523.26279,0,0
D,DCONS,,1,"2026/02/03 14:05:00",1,V>>NIL_DDTX3_NIL,0,1031.30691,0,0
D,DCONS,,1,"2026/02/03 14:05:00",1,V>>NIL_ELML_BAML2,0,1136.34313,0,0
D,DCONS,,1,"2026/02/03 14:05:00",1,V>>NIL_EPTT_DDSM_SIP,0,933.36033,0,0
D,DCONS,,1,"2026/02/03 14:05:00",1,V>>NIL_HYSE_HYSE,0,1176.93705,0,0
D,DCONS,,1,"2026/02/03 14:05:00",1,V>>NIL_KGWE_HOMRKM,0,440.1546,0,0
D,DCONS,,1,"2026/02/03 14:05:00",1,V>>NIL_MBDD_MBDD,0,669.66143,0,0
D,DCONS,,1,"2026/02/03 14:05:00",1,V>>NIL_MLGT_MLGT,0,2468.47581,0,0
D,DCONS,,1,"2026/02/03 14:05:00",1,V>>NIL_MLSY_MLSY,0,3816.89732,0,0
D,DCONS,,1,"2026/02/03 14:05:00",1,V>>NIL_MSDD1_MSDD2,0,1844.42548,0,0
D,DCONS,,1,"2026/02/03 14:05:00",1,V>>NIL_MSDD1_MSDD2_S,0,11844.42548,0,0
D,DCONS,,1,"2026/02/03 14:05:00",1,V>>NIL_MSDD2_MSDD1,0,1842.09309,0,0
D,DCONS,,1,"2026/02/03 14:05:00",1,V>>NIL_MSDD2_MSDD1_S,0,11842.09309,0,0
D,DCONS,,1,"2026/02/03 14:05:00",1,V>>NIL_RCWE_BUBD,0,587.31226,0,0
D,DCONS,,1,"2026/02/03 14:05:00",1,V>>NIL_RCWE_HOBUCW,0,646.35949,0,0
D,DCONS,,1,"2026/02/03 14:05:00",1,V>>NIL_RCWE_HOMRKM,0,675.92924,0,0
D,DCONS,,1,"2026/02/03 14:05:00",1,V>>NIL_SMDD_SMDD,0,1709.9255,0,0
D,DCONS,,1,"2026/02/03 14:05:00",1,V>>NIL_SMTX_SMTX_R2,0,4411.83126,0,0
D,DCONS,,1,"2026/02/03 14:05:00",1,V>>NIL_SMTX_SMTX_R5,0,14411.83126,0,0
D,DCONS,,1,"2026/02/03 14:05:00",1,V>>NIL_WBBA_KGBE,0,796.31508,0,0
D,DCONS,,1,"2026/02/03 14:05:00",1,V>>NIL_WBBA_RCWEKG,0,800.79709,0,0
D,DCONS,,1,"2026/02/03 14:05:00",1,V>>NIL_WEKG_HOBUCW,0,1138.47129,0,0
D,DCONS,,1,"2026/02/03 14:05:00",1,V>>NIL_WEKG_HOMRKM,0,1110.551,0,0
D,DCONS,,1,"2026/02/03 14:05:00",1,V>>NIL_WERC_HOMRKM,0,466.85193,0,0
D,DCONS,,1,"2026/02/03 14:05:00",1,V>>NSWRB_BEKG_X3,0,600.89551,0,0
D,DCONS,,1,"2026/02/03 14:05:00",1,V>>NSWRB_BEKG_X5,0,612.23521,0,0
D,DCONS,,1,"2026/02/03 14:05:00",1,V>>NSWRB_KGWE_X3,0,480.97198,0,0
D,DCONS,,1,"2026/02/03 14:05:00",1,V>>NSWRB_KGWE_X5,0,492.58777,0,0
D,DCONS,,1,"2026/02/03 14:05:00",1,V>>NSWRB_WERC_X3,0,490.54261,0,0
D,DCONS,,1,"2026/02/03 14:05:00",1,V>>NSWRB_WERC_X5,0,504.77896,0,0
D,DCONS,,1,"2026/02/03 14:05:00",1,V>>N_NIL_65,0,1189.59471,0,0
D,DCONS,,1,"2026/02/03 14:05:00",1,V>>N_NIL_65_051,0,1594.44779,0,0
D,DCONS,,1,"2026/02/03 14:05:00",1,V>>N_NIL_65_66,0,1095.78557,0,0
D,DCONS,,1,"2026/02/03 14:05:00",1,V>>N_NIL_66,0,1571.65266,0,0
D,DCONS,,1,"2026/02/03 14:05:00",1,V>>N_NIL_66_051,0,2094.93554,0,0
D,DCONS,,1,"2026/02/03 14:05:00",1,V>>N_NIL_66_65,0,1132.1679,0,0
D,DCONS,,1,"2026/02/03 14:05:00",1,V>>N_X3_65_66,0,899.6034,0,0
D,DCONS,,1,"2026/02/03 14:05:00",1,V>>N_X3_66_65,0,933.51125,0,0
D,DCONS,,1,"2026/02/03 14:05:00",1,V>>SMSC_MBEP_DDSM,0,1647.44466,0,0
D,DCONS,,1,"2026/02/03 14:05:00",1,V>>S_NIL_DVBG_DVBR,0,1500.41406,0,0
D,DCONS,,1,"2026/02/03 14:05:00",1,V>>X3_BABE_SHBE,0,593.75235,0,0
D,DCONS,,1,"2026/02/03 14:05:00",1,V>>X3_BEKG_CWBUHO,0,505.11924,0,0
D,DCONS,,1,"2026/02/03 14:05:00",1,V>>X3_BUHO_BEKG,0,721.77605,0,0
D,DCONS,,1,"2026/02/03 14:05:00",1,V>>X3_KGWE_CWBUHO,0,389.15284,0,0
D,DCONS,,1,"2026/02/03 14:05:00",1,V>>X3_KOKG_NIL,0,658.87536,0,0
D,DCONS,,1,"2026/02/03 14:05:00",1,V>>X3_MSDD1_MSDD2,0,1768.23862,0,0
D,DCONS,,1,"2026/02/03 14:05:00",1,V>>X3_MSDD1_MSDD2_S,0,11768.23862,0,0
D,DCONS,,1,"2026/02/03 14:05:00",1,V>>X3_MSDD2_MSDD1,0,1764.69093,0,0
D,DCONS,,1,"2026/02/03 14:05:00",1,V>>X3_MSDD2_MSDD1_S,0,11764.69093,0,0
D,DCONS,,1,"2026/02/03 14:05:00",1,V>>X3_SHBE_NIL,0,1099.89577,0,0
D,DCONS,,1,"2026/02/03 14:05:00",1,V>>X3_WBBA_KGBE,0,814.88379,0,0
D,DCONS,,1,"2026/02/03 14:05:00",1,V>>X3_WERC_CWBUHO,0,541.12756,0,0
D,DCONS,,1,"2026/02/03 14:05:00",1,V>KM_WBBA_KMRC,0,10623.31511,0,0
D,DCONS,,1,"2026/02/03 14:05:00",1,V>KM_WBBA_KMRC_1,0,20623.31511,0,0
D,DCONS,,1,"2026/02/03 14:05:00",1,V>NIL_GNTX_GNTX,0,10165.3787,0,0
D,DCONS,,1,"2026/02/03 14:05:00",1,V>NIL_GNTX_GNTX_TEMP,0,199.26824,-45.93155,0
D,DCONS,,1,"2026/02/03 14:05:00",1,V>NIL_TGTX_NIL,0,386.4704,0,0
D,DCONS,,1,"2026/02/03 14:05:00",1,V>NIL_TGTX_TGTX_2,0,10245.09989,0,0
D,DCONS,,1,"2026/02/03 14:05:00",1,V>NIL_TGTX_TGTX_20S,0,267.60289,0,0
D,DCONS,,1,"2026/02/03 14:05:00",1,V>NIL_WBBA_CWBUHO,0,603.53586,0,0
D,DCONS,,1,"2026/02/03 14:05:00",1,V>NIL_WBBA_HOMRKM,0,603.55969,0,0
D,DCONS,,1,"2026/02/03 14:05:00",1,V>NIL_WBBA_KMRC,0,623.31511,0,0
D,DCONS,,1,"2026/02/03 14:05:00",1,V>NIL_WBBA_KMRC_1,0,10623.31511,0,0
D,DCONS,,1,"2026/02/03 14:05:00",1,V>NIL_WETX_NIL,0,164.56836,0,0
D,DCONS,,1,"2026/02/03 14:05:00",1,V>NIL_YPRO7_YPHW1,0,11725.16983,0,0
D,DCONS,,1,"2026/02/03 14:05:00",1,V>NIL_YPRO7_YPRO8,0,1830.37732,0,0
D,DCONS,,1,"2026/02/03 14:05:00",1,V>S_NIL_SETX_SETX,0,201.02678,0,0
D,DCONS,,1,"2026/02/03 14:05:00",1,VSML_220,0,220,0,0
D,DCONS,,1,"2026/02/03 14:05:00",1,VSML_ROC_80,0,230,0,0
D,DCONS,,1,"2026/02/03 14:05:00",1,VSML_VFRB_OFF,0,240,0,0
D,DCONS,,1,"2026/02/03 14:05:00",1,VS_600_TEST,0,819.3138,0,0
D,DCONS,,1,"2026/02/03 14:05:00",1,VTBL_ROC,0,326.29883,0,0
D,DCONS,,1,"2026/02/03 14:05:00",1,V^S_HYCP,0,640.66199,0,0
D,DCONS,,1,"2026/02/03 14:05:00",1,V^T_NIL_9,0,10350,0,0
D,DCONS,,1,"2026/02/03 14:05:00",1,V^^N_BADP_1,0,986.72406,0,0
D,DCONS,,1,"2026/02/03 14:05:00",1,V^^N_NIL_1,0,1086.72406,0,0
D,DCONS,,1,"2026/02/03 14:05:00",1,V^^SML_NIL_3,0,339.66697,0,0
D,DCONS,,1,"2026/02/03 14:05:00",1,V^^S_KHKN_MAXG,0,745.9483,0,0
D,DCONS,,1,"2026/02/03 14:05:00",1,V^^S_KHKN_SETB,0,863.89067,0,0
D,DCONS,,1,"2026/02/03 14:05:00",1,V^^S_NIL_MAXG_1,0,753.70349,0,0
D,DCONS,,1,"2026/02/03 14:05:00",1,V^^S_NIL_MAXG_2,0,10000,0,0
D,DCONS,,1,"2026/02/03 14:05:00",1,V^^S_NIL_MAXG_3,0,10000,0,0
D,DCONS,,1,"2026/02/03 14:05:00",1,V^^S_NIL_TBSE_1,0,917.64274,0,0
D,DCONS,,1,"2026/02/03 14:05:00",1,V^^S_NIL_TBSE_2,0,10000,0,0
D,DCONS,,1,"2026/02/03 14:05:00",1,V^^V_NIL_KGTS,0,636.57634,0,0
D,DCONS,,1,"2026/02/03 14:05:00",1,V^^V_NIL_KGTS_2,0,10516.06634,0,0
D,DCONS,,1,"2026/02/03 14:05:00",1,V^^V_NIL_SWVIC,0,1583.09512,0,0
D,DCONS,,1,"2026/02/03 14:05:00",1,V_GANWR_SF_BAT_50,0,50.001,0,0
D,DCONS,,1,"2026/02/03 14:05:00",1,V_MURRAWRWF_FLT_100,0,100,0,0
D,DCONS,,1,"2026/02/03 14:05:00",1,V_NWVIC_GFT1_750,0,687.5003,0,0
D,DCONS,,1,"2026/02/03 14:05:00",1,V_SH_DD_MAC_FLT_965,0,10965.001,0,0
D,DCONS,,1,"2026/02/03 14:05:00",1,V_S_HEYWOOD_UFLS,0,234.57658,0,0
D,DCONS,,1,"2026/02/03 14:05:00",1,V_S_NIL_ROCOF,0,697.61597,0,0
D,DCONS,,1,"2026/02/03 14:05:00",1,V_T_FCSPS_DS,0,10144,0,0
D,DCONS,,1,"2026/02/03 14:05:00",1,V_T_NIL_BL1,0,-10125,0,0
D,DCONS,,1,"2026/02/03 14:05:00",1,V_T_NIL_FCSPS,0,373.62045,0,0
D,DCONS,,1,"2026/02/03 14:05:00",1,V_WDR_NO_SCADA,0,95,0,0
C,"END OF REPORT",951
